keyword,intent,maps_to_tool_or_page,seed_query,market,source
china residence permit,General / informational,Attestation & visa guide,china residence permit,PK,Google Autocomplete 2026-10-05
china residence permit card,General / informational,Attestation & visa guide,china residence permit,PK,Google Autocomplete 2026-10-05
china residence permit for foreigners,General / informational,Attestation & visa guide,china residence permit,PK,Google Autocomplete 2026-10-05
china residence permit for students,General / informational,Attestation & visa guide,china residence permit,PK,Google Autocomplete 2026-10-05
china residence permit number,General / informational,Attestation & visa guide,china residence permit,PK,Google Autocomplete 2026-10-05
china residence permit processing time,General / informational,Attestation & visa guide,china residence permit,PK,Google Autocomplete 2026-10-05
china scholarship visa,General / informational,Attestation & visa guide,csc scholarship v*,PK,Google Autocomplete 2026-10-05
china student visa,General / informational,Attestation & visa guide,china student visa,PK,Google Autocomplete 2026-10-05
china student visa application,General / informational,Attestation & visa guide,china student visa,PK,Google Autocomplete 2026-10-05
china student visa bank statement,General / informational,Attestation & visa guide,china student visa,PK,Google Autocomplete 2026-10-05
china student visa for pakistani,General / informational,Attestation & visa guide,china student visa,PK,Google Autocomplete 2026-10-05
china student visa processing time pakistan,General / informational,Attestation & visa guide,china student visa,PK,Google Autocomplete 2026-10-05
china study visa scholarship,General / informational,Attestation & visa guide,china scholarship v*,PK,Google Autocomplete 2026-10-05
china visa from pakistan,General / informational,Attestation & visa guide,china visa from pakistan,PK,Google Autocomplete 2026-10-05
china visa from pakistan islamabad,General / informational,Attestation & visa guide,china visa from pakistan,PK,Google Autocomplete 2026-10-05
china visa from pakistan karachi,General / informational,Attestation & visa guide,china visa from pakistan,PK,Google Autocomplete 2026-10-05
china visa from pakistan lahore,General / informational,Attestation & visa guide,china visa from pakistan,PK,Google Autocomplete 2026-10-05
china visa from pakistan processing time,General / informational,Attestation & visa guide,china visa from pakistan,PK,Google Autocomplete 2026-10-05
csc scholarship visa,General / informational,Attestation & visa guide,csc scholarship v*,PK,Google Autocomplete 2026-10-05
hec attestation,General / informational,Attestation & visa guide,hec attestation,PK,Google Autocomplete 2026-10-05
hec attestation helpline,General / informational,Attestation & visa guide,hec attestation,PK,Google Autocomplete 2026-10-05
hec attestation login,Login / portal (navigational),Attestation & visa guide,hec attestation,PK,Google Autocomplete 2026-10-05
hec attestation online,General / informational,Attestation & visa guide,hec attestation,PK,Google Autocomplete 2026-10-05
hec attestation portal,Login / portal (navigational),Attestation & visa guide,hec attestation,PK,Google Autocomplete 2026-10-05
hec attestation portal login,Login / portal (navigational),Attestation & visa guide,hec attestation,PK,Google Autocomplete 2026-10-05
hec attestation process,General / informational,Attestation & visa guide,hec attestation,PK,Google Autocomplete 2026-10-05
hec attestation verification,Tool: checker / eligibility,Attestation & visa guide,hec attestation,PK,Google Autocomplete 2026-10-05
how to get china visa from pakistan,Question (blog/FAQ),Attestation & visa guide,china visa from pakistan,PK,Google Autocomplete 2026-10-05
mofa attestation,General / informational,Attestation & visa guide,mofa attestation,PK,Google Autocomplete 2026-10-05
mofa attestation appointment,General / informational,Attestation & visa guide,mofa attestation,PK,Google Autocomplete 2026-10-05
mofa attestation form,Template / download,Attestation & visa guide,mofa attestation,PK,Google Autocomplete 2026-10-05
mofa attestation islamabad,General / informational,Attestation & visa guide,mofa attestation,PK,Google Autocomplete 2026-10-05
mofa attestation karachi,General / informational,Attestation & visa guide,mofa attestation,PK,Google Autocomplete 2026-10-05
mofa attestation lahore,General / informational,Attestation & visa guide,mofa attestation,PK,Google Autocomplete 2026-10-05
mofa attestation login,Login / portal (navigational),Attestation & visa guide,mofa attestation,PK,Google Autocomplete 2026-10-05
mofa attestation portal,Login / portal (navigational),Attestation & visa guide,mofa attestation,PK,Google Autocomplete 2026-10-05
police character certificate,General / informational,Attestation & visa guide,police character certificate,PK,Google Autocomplete 2026-10-05
police character certificate check online,Tool: checker / eligibility,Attestation & visa guide,police character certificate,PK,Google Autocomplete 2026-10-05
police character certificate karachi,General / informational,Attestation & visa guide,police character certificate,PK,Google Autocomplete 2026-10-05
police character certificate online,General / informational,Attestation & visa guide,police character certificate,PK,Google Autocomplete 2026-10-05
police character certificate online apply,General / informational,Attestation & visa guide,police character certificate,PK,Google Autocomplete 2026-10-05
police character certificate online apply pakistan,General / informational,Attestation & visa guide,police character certificate,PK,Google Autocomplete 2026-10-05
police character certificate pakistan online check,Tool: checker / eligibility,Attestation & visa guide,police character certificate,PK,Google Autocomplete 2026-10-05
police character certificate tracking,Tool: checker / eligibility,Attestation & visa guide,police character certificate,PK,Google Autocomplete 2026-10-05
police character certificate verification,Tool: checker / eligibility,Attestation & visa guide,police character certificate,PK,Google Autocomplete 2026-10-05
study in china visa,General / informational,Attestation & visa guide,study in china v*,PK,Google Autocomplete 2026-10-05
study in china visa application,General / informational,Attestation & visa guide,study in china v*,PK,Google Autocomplete 2026-10-05
study in china visa assistance,General / informational,Attestation & visa guide,study in china v*,PK,Google Autocomplete 2026-10-05
study in china visa download,Template / download,Attestation & visa guide,study in china v*,PK,Google Autocomplete 2026-10-05
what is pu letter for china visa,Question (blog/FAQ),Attestation & visa guide,china admission letter,PK,Google Autocomplete 2026-10-05
what is x1 visa india,Question (blog/FAQ),Attestation & visa guide,x1 visa china,PK,Google Autocomplete 2026-10-05
work visa china,General / informational,Attestation & visa guide,work visa china,PK,Google Autocomplete 2026-10-05
work visa china application,General / informational,Attestation & visa guide,work visa china,PK,Google Autocomplete 2026-10-05
work visa china duration,General / informational,Attestation & visa guide,work visa china,PK,Google Autocomplete 2026-10-05
work visa china for indian,General / informational,Attestation & visa guide,work visa china,PK,Google Autocomplete 2026-10-05
work visa china from pakistan,General / informational,Attestation & visa guide,work visa china,PK,Google Autocomplete 2026-10-05
work visa china how long,General / informational,Attestation & visa guide,work visa china,PK,Google Autocomplete 2026-10-05
work visa china processing time,General / informational,Attestation & visa guide,work visa china,PK,Google Autocomplete 2026-10-05
work visa china reddit,General / informational,Attestation & visa guide,work visa china,PK,Google Autocomplete 2026-10-05
x1 visa china,General / informational,Attestation & visa guide,x1 visa china,PK,Google Autocomplete 2026-10-05
x1 visa china application,General / informational,Attestation & visa guide,x1 visa china,PK,Google Autocomplete 2026-10-05
x1 visa china duration,General / informational,Attestation & visa guide,x1 visa china,PK,Google Autocomplete 2026-10-05
x1 visa china multiple entry,General / informational,Attestation & visa guide,x1 visa china,PK,Google Autocomplete 2026-10-05
x1 visa china validity,General / informational,Attestation & visa guide,x1 visa china,PK,Google Autocomplete 2026-10-05
cgpa calculator,Tool: calculator / converter,CGPA/percentage converter,cgpa calculator,PK,Google Autocomplete 2026-10-05
cgpa calculator comsats,Tool: calculator / converter,CGPA/percentage converter,cgpa calculator,PK,Google Autocomplete 2026-10-05
cgpa calculator from gpa,Tool: calculator / converter,CGPA/percentage converter,cgpa calculator,PK,Google Autocomplete 2026-10-05
cgpa calculator from percentage,Tool: calculator / converter,CGPA/percentage converter,cgpa calculator,PK,Google Autocomplete 2026-10-05
cgpa calculator superior university,Tool: calculator / converter,CGPA/percentage converter,cgpa calculator,PK,Google Autocomplete 2026-10-05
cgpa calculator uaf,Tool: calculator / converter,CGPA/percentage converter,cgpa calculator,PK,Google Autocomplete 2026-10-05
cgpa calculator ucp,Tool: calculator / converter,CGPA/percentage converter,cgpa calculator,PK,Google Autocomplete 2026-10-05
cgpa calculator uet,Tool: calculator / converter,CGPA/percentage converter,cgpa calculator,PK,Google Autocomplete 2026-10-05
cgpa calculator umt,Tool: calculator / converter,CGPA/percentage converter,cgpa calculator,PK,Google Autocomplete 2026-10-05
cgpa calculator uol,Tool: calculator / converter,CGPA/percentage converter,cgpa calculator,PK,Google Autocomplete 2026-10-05
cgpa to percentage,Tool: calculator / converter,CGPA/percentage converter,cgpa to percentage,PK,Google Autocomplete 2026-10-05
cgpa to percentage 4 point scale,Tool: calculator / converter,CGPA/percentage converter,cgpa to percentage,BD,Google Autocomplete 2026-10-05
cgpa to percentage bangladesh,Tool: calculator / converter,CGPA/percentage converter,cgpa to percentage,BD,Google Autocomplete 2026-10-05
cgpa to percentage calculator,Tool: calculator / converter,CGPA/percentage converter,cgpa to percentage,PK,Google Autocomplete 2026-10-05
cgpa to percentage calculator hec,Tool: calculator / converter,CGPA/percentage converter,cgpa to percentage,PK,Google Autocomplete 2026-10-05
cgpa to percentage calculator pakistan,Tool: calculator / converter,CGPA/percentage converter,cgpa to percentage,PK,Google Autocomplete 2026-10-05
cgpa to percentage certificate,Tool: calculator / converter,CGPA/percentage converter,cgpa to percentage,PK,Google Autocomplete 2026-10-05
cgpa to percentage conversion,Tool: calculator / converter,CGPA/percentage converter,cgpa to percentage,BD,Google Autocomplete 2026-10-05
cgpa to percentage converter,Tool: calculator / converter,CGPA/percentage converter,cgpa to percentage,PK,Google Autocomplete 2026-10-05
cgpa to percentage formula,Tool: calculator / converter,CGPA/percentage converter,cgpa to percentage,PK,Google Autocomplete 2026-10-05
cgpa to percentage gtu,Tool: calculator / converter,CGPA/percentage converter,cgpa to percentage,BD,Google Autocomplete 2026-10-05
cgpa to percentage hec,Tool: calculator / converter,CGPA/percentage converter,cgpa to percentage,PK,Google Autocomplete 2026-10-05
cgpa to percentage hec pakistan,Tool: calculator / converter,CGPA/percentage converter,cgpa to percentage,PK,Google Autocomplete 2026-10-05
cgpa to percentage makaut,Tool: calculator / converter,CGPA/percentage converter,cgpa to percentage,BD,Google Autocomplete 2026-10-05
cgpa to percentage mumbai university,Tool: calculator / converter,CGPA/percentage converter,cgpa to percentage,BD,Google Autocomplete 2026-10-05
cgpa to percentage pakistan,Tool: calculator / converter,CGPA/percentage converter,cgpa to percentage,PK,Google Autocomplete 2026-10-05
cgpa to percentage sppu,Tool: calculator / converter,CGPA/percentage converter,cgpa to percentage,BD,Google Autocomplete 2026-10-05
china scholarship gpa requirements,Tool: checker / eligibility,CGPA/percentage converter,china scholarship g*,PK,Google Autocomplete 2026-10-05
csc scholarship cgpa requirements,Tool: checker / eligibility,CGPA/percentage converter,csc scholarship c*,PK,Google Autocomplete 2026-10-05
csc scholarship gpa,General / informational,CGPA/percentage converter,csc scholarship g*,PK,Google Autocomplete 2026-10-05
csc scholarship gpa requirements,Tool: checker / eligibility,CGPA/percentage converter,csc scholarship g*,PK,Google Autocomplete 2026-10-05
gpa calculator,Tool: calculator / converter,CGPA/percentage converter,gpa calculator,PK,Google Autocomplete 2026-10-05
gpa calculator comsats,Tool: calculator / converter,CGPA/percentage converter,gpa calculator,PK,Google Autocomplete 2026-10-05
gpa calculator from percentage,Tool: calculator / converter,CGPA/percentage converter,gpa calculator,PK,Google Autocomplete 2026-10-05
gpa calculator online,Tool: calculator / converter,CGPA/percentage converter,gpa calculator,PK,Google Autocomplete 2026-10-05
gpa calculator uaf,Tool: calculator / converter,CGPA/percentage converter,gpa calculator,PK,Google Autocomplete 2026-10-05
gpa calculator uet,Tool: calculator / converter,CGPA/percentage converter,gpa calculator,PK,Google Autocomplete 2026-10-05
gpa calculator umt,Tool: calculator / converter,CGPA/percentage converter,gpa calculator,PK,Google Autocomplete 2026-10-05
gpa calculator university,Tool: calculator / converter,CGPA/percentage converter,gpa calculator,PK,Google Autocomplete 2026-10-05
gpa calculator uol,Tool: calculator / converter,CGPA/percentage converter,gpa calculator,PK,Google Autocomplete 2026-10-05
gpa calculator uos,Tool: calculator / converter,CGPA/percentage converter,gpa calculator,PK,Google Autocomplete 2026-10-05
percentage to gpa,Tool: calculator / converter,CGPA/percentage converter,percentage to gpa,PK,Google Autocomplete 2026-10-05
percentage to gpa 10 scale,Tool: calculator / converter,CGPA/percentage converter,percentage to gpa,PK,Google Autocomplete 2026-10-05
percentage to gpa 4.0 scale,Tool: calculator / converter,CGPA/percentage converter,percentage to gpa,PK,Google Autocomplete 2026-10-05
percentage to gpa 5.0 scale,Tool: calculator / converter,CGPA/percentage converter,percentage to gpa,PK,Google Autocomplete 2026-10-05
percentage to gpa calculator,Tool: calculator / converter,CGPA/percentage converter,percentage to gpa,PK,Google Autocomplete 2026-10-05
percentage to gpa calculator pakistan,Tool: calculator / converter,CGPA/percentage converter,percentage to gpa,PK,Google Autocomplete 2026-10-05
percentage to gpa canada,Tool: calculator / converter,CGPA/percentage converter,percentage to gpa,PK,Google Autocomplete 2026-10-05
percentage to gpa conversion,Tool: calculator / converter,CGPA/percentage converter,percentage to gpa,PK,Google Autocomplete 2026-10-05
percentage to gpa pakistan,Tool: calculator / converter,CGPA/percentage converter,percentage to gpa,PK,Google Autocomplete 2026-10-05
percentage to gpa ubc,Tool: calculator / converter,CGPA/percentage converter,percentage to gpa,PK,Google Autocomplete 2026-10-05
china medical university fees,Fees / cost,Cost calculator (PKR),china university fees,PK,Google Autocomplete 2026-10-05
china medical university fees for pakistani student,Fees / cost,Cost calculator (PKR),china university fees,PK,Google Autocomplete 2026-10-05
china residence permit fee,Fees / cost,Cost calculator (PKR),china residence permit,PK,Google Autocomplete 2026-10-05
china residence permit for students price,Fees / cost,Cost calculator (PKR),china residence permit,PK,Google Autocomplete 2026-10-05
china scholarship without application fee,List / finder,Cost calculator (PKR),china scholarship w*,PK,Google Autocomplete 2026-10-05
china school fees,Fees / cost,Cost calculator (PKR),china tuition fee,PK,Google Autocomplete 2026-10-05
china student visa cost,Fees / cost,Cost calculator (PKR),china student visa,PK,Google Autocomplete 2026-10-05
china student visa fee,Fees / cost,Cost calculator (PKR),china student visa,PK,Google Autocomplete 2026-10-05
china student visa fee for pakistani,Fees / cost,Cost calculator (PKR),china student visa,PK,Google Autocomplete 2026-10-05
china tuition fees,Fees / cost,Cost calculator (PKR),china tuition fee,PK,Google Autocomplete 2026-10-05
china tuition fees for international students,Fees / cost,Cost calculator (PKR),china tuition fee,PK,Google Autocomplete 2026-10-05
china university cost,Fees / cost,Cost calculator (PKR),china university fees,PK,Google Autocomplete 2026-10-05
china university fee structure,Fees / cost,Cost calculator (PKR),china university fees,PK,Google Autocomplete 2026-10-05
china university fees,Fees / cost,Cost calculator (PKR),china university fees,PK,Google Autocomplete 2026-10-05
china university fees for indian students,Fees / cost,Cost calculator (PKR),china university fees,PK,Google Autocomplete 2026-10-05
china university fees for international students,Fees / cost,Cost calculator (PKR),china university fees,PK,Google Autocomplete 2026-10-05
china university list without application fee,List / finder,Cost calculator (PKR),china university list,PK,Google Autocomplete 2026-10-05
china university tuition fees,Fees / cost,Cost calculator (PKR),china university fees,PK,Google Autocomplete 2026-10-05
china university tuition fees for international students,Fees / cost,Cost calculator (PKR),china tuition fee,PK,Google Autocomplete 2026-10-05
china visa from pakistan cost,Fees / cost,Cost calculator (PKR),china visa from pakistan,PK,Google Autocomplete 2026-10-05
china visa from pakistan fee,Fees / cost,Cost calculator (PKR),china visa from pakistan,PK,Google Autocomplete 2026-10-05
china visa from pakistan price 2026,Fees / cost,Cost calculator (PKR),china visa from pakistan,PK,Google Autocomplete 2026-10-05
chinese language course in china fees,Fees / cost,Cost calculator (PKR),chinese language course in china,PK,Google Autocomplete 2026-10-05
chinese university fees,Fees / cost,Cost calculator (PKR),china university fees,PK,Google Autocomplete 2026-10-05
chinese yuan to pkr,Tool: calculator / converter,Cost calculator (PKR),cny to pkr,PK,Google Autocomplete 2026-10-05
chinese yuan to pkr history,Tool: calculator / converter,Cost calculator (PKR),cny to pkr,PK,Google Autocomplete 2026-10-05
chinese yuan to pkr in 2000,Tool: calculator / converter,Cost calculator (PKR),cny to pkr,PK,Google Autocomplete 2026-10-05
chinese yuan to pkr in 2024,Tool: calculator / converter,Cost calculator (PKR),cny to pkr,PK,Google Autocomplete 2026-10-05
chinese yuan to pkr today,Tool: calculator / converter,Cost calculator (PKR),cny to pkr,PK,Google Autocomplete 2026-10-05
cny to pkr,Tool: calculator / converter,Cost calculator (PKR),cny to pkr,PK,Google Autocomplete 2026-10-05
cny to pkr converter,Tool: calculator / converter,Cost calculator (PKR),cny to pkr,PK,Google Autocomplete 2026-10-05
cny to pkr exchange rate,Tool: calculator / converter,Cost calculator (PKR),cny to pkr,PK,Google Autocomplete 2026-10-05
cny to pkr open market,Tool: calculator / converter,Cost calculator (PKR),cny to pkr,PK,Google Autocomplete 2026-10-05
cny to pkr today,Tool: calculator / converter,Cost calculator (PKR),cny to pkr,PK,Google Autocomplete 2026-10-05
cost of living in china for indian students,Fees / cost,Cost calculator (PKR),cost of living in china for students,PK,Google Autocomplete 2026-10-05
cost of living in china for international students,Fees / cost,Cost calculator (PKR),cost of living in china for students,PK,Google Autocomplete 2026-10-05
cost of living in china for students,Fees / cost,Cost calculator (PKR),cost of living in china for students,PK,Google Autocomplete 2026-10-05
cost of mbbs in china,Fees / cost,Cost calculator (PKR),mbbs in china o*,PK,Google Autocomplete 2026-10-05
cost of mbbs in china for pakistani students,Fees / cost,Cost calculator (PKR),mbbs in china o*,PK,Google Autocomplete 2026-10-05
csc scholarship application fee,Fees / cost,Cost calculator (PKR),csc scholarship form,PK,Google Autocomplete 2026-10-05
csc scholarship how much,Fees / cost,Cost calculator (PKR),csc scholarship h*,PK,Google Autocomplete 2026-10-05
csc scholarship universities list without application fee,List / finder,Cost calculator (PKR),csc scholarship university list,PK,Google Autocomplete 2026-10-05
csc scholarship without application fee,List / finder,Cost calculator (PKR),csc scholarship w*,PK,Google Autocomplete 2026-10-05
hec attestation fee,Fees / cost,Cost calculator (PKR),hec attestation,PK,Google Autocomplete 2026-10-05
hec attestation fee per document,Fees / cost,Cost calculator (PKR),hec attestation,PK,Google Autocomplete 2026-10-05
how much do study abroad programs cost,Fees / cost,Cost calculator (PKR),study abroad cost calculator,PK,Google Autocomplete 2026-10-05
how much does it cost to study in china,Fees / cost,Cost calculator (PKR),china tuition fee,PK,Google Autocomplete 2026-10-05
how much does mbbs cost in china,Fees / cost,Cost calculator (PKR),mbbs in china pdf,PK,Google Autocomplete 2026-10-05
how much is tuition in china,Fees / cost,Cost calculator (PKR),china tuition fee,PK,Google Autocomplete 2026-10-05
how much mbbs in china cost,Fees / cost,Cost calculator (PKR),mbbs in china h*,PK,Google Autocomplete 2026-10-05
how much will it cost me to study abroad,Fees / cost,Cost calculator (PKR),study abroad cost calculator,PK,Google Autocomplete 2026-10-05
hsk fee,Fees / cost,Cost calculator (PKR),hsk f*,PK,Google Autocomplete 2026-10-05
hsk fee in pakistan,Fees / cost,Cost calculator (PKR),hsk f*,PK,Google Autocomplete 2026-10-05
hsk test fee in pakistan,Fees / cost,Cost calculator (PKR),hsk test,PK,Google Autocomplete 2026-10-05
hsk urban living,General / informational,Cost calculator (PKR),hsk u*,PK,Google Autocomplete 2026-10-05
is studying in china expensive,Fees / cost,Cost calculator (PKR),china tuition fee,PK,Google Autocomplete 2026-10-05
living cost in beijing for student,Fees / cost,Cost calculator (PKR),cost of living in china for students,PK,Google Autocomplete 2026-10-05
living cost in shanghai for students,Fees / cost,Cost calculator (PKR),cost of living in china for students,PK,Google Autocomplete 2026-10-05
lowest mbbs fees in china for indian students,Fees / cost,Cost calculator (PKR),mbbs in china l*,PK,Google Autocomplete 2026-10-05
mbbs course in china fees,Fees / cost,Cost calculator (PKR),mbbs in china fee,PK,Google Autocomplete 2026-10-05
mbbs degree in china fees,Fees / cost,Cost calculator (PKR),mbbs in china d*,PK,Google Autocomplete 2026-10-05
mbbs fees in china for nepali students,Fees / cost,Cost calculator (PKR),mbbs in china n*,PK,Google Autocomplete 2026-10-05
mbbs fees in china government college,Fees / cost,Cost calculator (PKR),mbbs in china g*,PK,Google Autocomplete 2026-10-05
mbbs fees in china per year,Fees / cost,Cost calculator (PKR),mbbs in china p*,PK,Google Autocomplete 2026-10-05
mbbs fees in china private college,Fees / cost,Cost calculator (PKR),mbbs in china p*,PK,Google Autocomplete 2026-10-05
mbbs in china cost,Fees / cost,Cost calculator (PKR),mbbs in china c*,PK,Google Autocomplete 2026-10-05
mbbs in china cost in indian rupees,Fees / cost,Cost calculator (PKR),mbbs in china c*,PK,Google Autocomplete 2026-10-05
mbbs in china expenses,Fees / cost,Cost calculator (PKR),mbbs in china e*,PK,Google Autocomplete 2026-10-05
mbbs in china fee,Fees / cost,Cost calculator (PKR),mbbs in china fee,PK,Google Autocomplete 2026-10-05
mbbs in china fee 2026,Fees / cost,Cost calculator (PKR),mbbs in china fee,PK,Google Autocomplete 2026-10-05
mbbs in china fee structure,Fees / cost,Cost calculator (PKR),mbbs in china fee,PK,Google Autocomplete 2026-10-05
mbbs in china fee structure 2025,Fees / cost,Cost calculator (PKR),mbbs in china fee,PK,Google Autocomplete 2026-10-05
mbbs in china fee structure for pakistani,Fees / cost,Cost calculator (PKR),mbbs in china fee,PK,Google Autocomplete 2026-10-05
mbbs in china fees,Fees / cost,Cost calculator (PKR),mbbs in china y*,PK,Google Autocomplete 2026-10-05
mbbs in china fees for indian students,Fees / cost,Cost calculator (PKR),mbbs in china fee,PK,Google Autocomplete 2026-10-05
mbbs in china fees in indian rupees,Fees / cost,Cost calculator (PKR),mbbs in china fee,PK,Google Autocomplete 2026-10-05
mbbs in china for indian students fees,Fees / cost,Cost calculator (PKR),mbbs in china i*,PK,Google Autocomplete 2026-10-05
mbbs in china for nepali students fee structure,Fees / cost,Cost calculator (PKR),mbbs in china n*,PK,Google Autocomplete 2026-10-05
mbbs in china for pakistani students fee structure,Fees / cost,Cost calculator (PKR),mbbs in china,PK,Google Autocomplete 2026-10-05
mbbs in china for pakistani students fee structure 2025,Fees / cost,Cost calculator (PKR),mbbs in china for pakistani students,PK,Google Autocomplete 2026-10-05
mbbs in china for pakistani students fees,Fees / cost,Cost calculator (PKR),mbbs in china for pakistani students,PK,Google Autocomplete 2026-10-05
mbbs in china low cost,Fees / cost,Cost calculator (PKR),mbbs in china l*,PK,Google Autocomplete 2026-10-05
mbbs in china lowest fee,Fees / cost,Cost calculator (PKR),mbbs in china fee,PK,Google Autocomplete 2026-10-05
mbbs in china price,Fees / cost,Cost calculator (PKR),mbbs in china p*,PK,Google Autocomplete 2026-10-05
mbbs in china total cost,Fees / cost,Cost calculator (PKR),mbbs in china t*,PK,Google Autocomplete 2026-10-05
mbbs in china total expenses,Fees / cost,Cost calculator (PKR),mbbs in china e*,PK,Google Autocomplete 2026-10-05
mbbs in china total fees,Fees / cost,Cost calculator (PKR),mbbs in china fee,PK,Google Autocomplete 2026-10-05
mbbs in china tuition fees,Fees / cost,Cost calculator (PKR),mbbs in china t*,PK,Google Autocomplete 2026-10-05
mbbs study in china low fee structure,Fees / cost,Cost calculator (PKR),mbbs in china l*,PK,Google Autocomplete 2026-10-05
mofa attestation fee,Fees / cost,Cost calculator (PKR),mofa attestation,PK,Google Autocomplete 2026-10-05
mofa attestation fee per document,Fees / cost,Cost calculator (PKR),mofa attestation,PK,Google Autocomplete 2026-10-05
police character certificate fee,Fees / cost,Cost calculator (PKR),police character certificate,PK,Google Autocomplete 2026-10-05
rmb to pkr,Tool: calculator / converter,Cost calculator (PKR),rmb to pkr,PK,Google Autocomplete 2026-10-05
rmb to pkr calculator,Tool: calculator / converter,Cost calculator (PKR),rmb to pkr,PK,Google Autocomplete 2026-10-05
rmb to pkr converter,Tool: calculator / converter,Cost calculator (PKR),rmb to pkr,PK,Google Autocomplete 2026-10-05
rmb to pkr exchange rate,Tool: calculator / converter,Cost calculator (PKR),rmb to pkr,PK,Google Autocomplete 2026-10-05
rmb to pkr open market,Tool: calculator / converter,Cost calculator (PKR),rmb to pkr,PK,Google Autocomplete 2026-10-05
rmb to pkr rate,Tool: calculator / converter,Cost calculator (PKR),rmb to pkr,PK,Google Autocomplete 2026-10-05
rmb to pkr today,Tool: calculator / converter,Cost calculator (PKR),rmb to pkr,PK,Google Autocomplete 2026-10-05
rmb to pkr today open market,Tool: calculator / converter,Cost calculator (PKR),rmb to pkr,PK,Google Autocomplete 2026-10-05
rmb to pkr today rate,Tool: calculator / converter,Cost calculator (PKR),rmb to pkr,PK,Google Autocomplete 2026-10-05
rmb to pkr today rate in pakistan,Tool: calculator / converter,Cost calculator (PKR),rmb to pkr,PK,Google Autocomplete 2026-10-05
study abroad china cost,Fees / cost,Cost calculator (PKR),study in china cost,PK,Google Autocomplete 2026-10-05
study abroad cost calculator,Tool: calculator / converter,Cost calculator (PKR),study abroad cost calculator,PK,Google Autocomplete 2026-10-05
study chinese in china cost,Fees / cost,Cost calculator (PKR),study in china cost,PK,Google Autocomplete 2026-10-05
study cost in china for international students,Fees / cost,Cost calculator (PKR),study in china cost,PK,Google Autocomplete 2026-10-05
study in china cost,Fees / cost,Cost calculator (PKR),study in china cost,PK,Google Autocomplete 2026-10-05
study in china fees,Fees / cost,Cost calculator (PKR),study in china cost,PK,Google Autocomplete 2026-10-05
study in china from bangladesh cost,Fees / cost,Cost calculator (PKR),study in china cost,PK,Google Autocomplete 2026-10-05
study in china price,Fees / cost,Cost calculator (PKR),study in china cost,PK,Google Autocomplete 2026-10-05
study medicine in china cost,Fees / cost,Cost calculator (PKR),study in china cost,PK,Google Autocomplete 2026-10-05
study visa china cost,Fees / cost,Cost calculator (PKR),study in china cost,PK,Google Autocomplete 2026-10-05
studying mbbs in china cost,Fees / cost,Cost calculator (PKR),study in china cost,PK,Google Autocomplete 2026-10-05
universities in china for international students without application fee,List / finder,Cost calculator (PKR),universities in china for international students,PK,Google Autocomplete 2026-10-05
universities in china without application fee,List / finder,Cost calculator (PKR),universities in china,PK,Google Autocomplete 2026-10-05
university in china for international students fees,Fees / cost,Cost calculator (PKR),universities in china for international students,PK,Google Autocomplete 2026-10-05
work visa china cost,Fees / cost,Cost calculator (PKR),work visa china,PK,Google Autocomplete 2026-10-05
x1 visa china price,Fees / cost,Cost calculator (PKR),x1 visa china,PK,Google Autocomplete 2026-10-05
china government scholarship 2027 deadline,Deadline / dates,Deadline tracker,china scholarship 2027,PK,Google Autocomplete 2026-10-05
china scholarship 2026 deadline,Deadline / dates,Deadline tracker,china scholarship 2026,PK,Google Autocomplete 2026-10-05
china scholarship 2027 deadline,Deadline / dates,Deadline tracker,china scholarship 2027,PK,Google Autocomplete 2026-10-05
china scholarship application deadline,Deadline / dates,Deadline tracker,china scholarship form,PK,Google Autocomplete 2026-10-05
china scholarship deadline,Deadline / dates,Deadline tracker,china scholarship d*,PK,Google Autocomplete 2026-10-05
china scholarship deadline 2025,Deadline / dates,Deadline tracker,china scholarship d*,PK,Google Autocomplete 2026-10-05
china scholarship deadline 2026,Deadline / dates,Deadline tracker,china scholarship d*,PK,Google Autocomplete 2026-10-05
china scholarship for pakistani students 2026 last date,Deadline / dates,Deadline tracker,china scholarship for pakistani students,PK,Google Autocomplete 2026-10-05
china scholarship last date,Deadline / dates,Deadline tracker,china scholarship checker,PK,Google Autocomplete 2026-10-05
china scholarship last date 2025,Deadline / dates,Deadline tracker,china scholarship l*,PK,Google Autocomplete 2026-10-05
china scholarship last date 2026,Deadline / dates,Deadline tracker,china scholarship l*,PK,Google Autocomplete 2026-10-05
china scholarship open now,Deadline / dates,Deadline tracker,china scholarship o*,PK,Google Autocomplete 2026-10-05
china scholarship opening date,Deadline / dates,Deadline tracker,china scholarship o*,PK,Google Autocomplete 2026-10-05
chinese government scholarship 2027 deadline,Deadline / dates,Deadline tracker,chinese government scholarship,PK,Google Autocomplete 2026-10-05
chinese government scholarship deadline,Deadline / dates,Deadline tracker,chinese government scholarship,PK,Google Autocomplete 2026-10-05
csc china scholarship 2027 deadline,Deadline / dates,Deadline tracker,china scholarship 2027,PK,Google Autocomplete 2026-10-05
csc scholarship 2026 deadline,Deadline / dates,Deadline tracker,csc scholarship,PK,Google Autocomplete 2026-10-05
csc scholarship 2026 deadline for international students,Deadline / dates,Deadline tracker,csc scholarship,PK,Google Autocomplete 2026-10-05
csc scholarship 2026 deadline pakistan,Deadline / dates,Deadline tracker,csc scholarship 2026,PK,Google Autocomplete 2026-10-05
csc scholarship 2026 last date to apply,Deadline / dates,Deadline tracker,csc scholarship 2026,PK,Google Autocomplete 2026-10-05
csc scholarship 2026/27 deadline,Deadline / dates,Deadline tracker,csc scholarship 2026,PK,Google Autocomplete 2026-10-05
csc scholarship 2027 deadline,Deadline / dates,Deadline tracker,csc scholarship,PK,Google Autocomplete 2026-10-05
csc scholarship 2027 deadline for international students,Deadline / dates,Deadline tracker,csc scholarship 2027,PK,Google Autocomplete 2026-10-05
csc scholarship application deadline,Deadline / dates,Deadline tracker,csc scholarship form,PK,Google Autocomplete 2026-10-05
csc scholarship china 2026 deadline,Deadline / dates,Deadline tracker,csc scholarship c*,PK,Google Autocomplete 2026-10-05
csc scholarship deadline,Deadline / dates,Deadline tracker,csc scholarship d*,PK,Google Autocomplete 2026-10-05
csc scholarship deadline 2026,Deadline / dates,Deadline tracker,csc scholarship d*,PK,Google Autocomplete 2026-10-05
csc scholarship deadline 2027,Deadline / dates,Deadline tracker,csc scholarship d*,PK,Google Autocomplete 2026-10-05
csc scholarship is open now,Deadline / dates,Deadline tracker,csc scholarship i*,PK,Google Autocomplete 2026-10-05
csc scholarship last date,Deadline / dates,Deadline tracker,csc scholarship l*,PK,Google Autocomplete 2026-10-05
csc scholarship last date 2026,Deadline / dates,Deadline tracker,csc scholarship l*,PK,Google Autocomplete 2026-10-05
csc scholarship last date to apply,Deadline / dates,Deadline tracker,csc scholarship l*,PK,Google Autocomplete 2026-10-05
csc scholarship opening date,Deadline / dates,Deadline tracker,csc scholarship o*,PK,Google Autocomplete 2026-10-05
csc scholarship opening date 2026,Deadline / dates,Deadline tracker,csc scholarship o*,PK,Google Autocomplete 2026-10-05
csc scholarship opening date 2027,Deadline / dates,Deadline tracker,csc scholarship o*,PK,Google Autocomplete 2026-10-05
csc scholarship type b deadline,Deadline / dates,Deadline tracker,csc scholarship t*,PK,Google Autocomplete 2026-10-05
hsk 2026 dates,Deadline / dates,Deadline tracker,hsk 2026,PK,Google Autocomplete 2026-10-05
hsk 2026 exam dates,Deadline / dates,Deadline tracker,hsk 2026,PK,Google Autocomplete 2026-10-05
hsk 2026 test dates,Deadline / dates,Deadline tracker,hsk 2026,PK,Google Autocomplete 2026-10-05
hsk 2027 dates,Deadline / dates,Deadline tracker,hsk 2027,PK,Google Autocomplete 2026-10-05
hsk dates,Deadline / dates,Deadline tracker,hsk d*,PK,Google Autocomplete 2026-10-05
hsk dates 2026,Deadline / dates,Deadline tracker,hsk d*,PK,Google Autocomplete 2026-10-05
hsk dates in pakistan,Deadline / dates,Deadline tracker,hsk d*,PK,Google Autocomplete 2026-10-05
hsk exam dates 2025 in pakistan,Deadline / dates,Deadline tracker,hsk exam in pakistan,PK,Google Autocomplete 2026-10-05
hsk exam dates 2026,Deadline / dates,Deadline tracker,hsk e*,PK,Google Autocomplete 2026-10-05
hsk exam dates 2026 in pakistan,Deadline / dates,Deadline tracker,hsk exam in pakistan,PK,Google Autocomplete 2026-10-05
hsk exam dates 2026 registration,Deadline / dates,Deadline tracker,hsk e*,PK,Google Autocomplete 2026-10-05
hsk exam dates 2027,Deadline / dates,Deadline tracker,hsk e*,PK,Google Autocomplete 2026-10-05
hsk registration deadline,Deadline / dates,Deadline tracker,hsk r*,PK,Google Autocomplete 2026-10-05
hsk test dates,Deadline / dates,Deadline tracker,hsk test,PK,Google Autocomplete 2026-10-05
hsk test dates in pakistan 2026,Deadline / dates,Deadline tracker,hsk test,PK,Google Autocomplete 2026-10-05
scholarship deadline extended,Deadline / dates,Deadline tracker,scholarship deadline,PK,Google Autocomplete 2026-10-05
scholarship deadline extended 2026,Deadline / dates,Deadline tracker,scholarship deadline,PK,Google Autocomplete 2026-10-05
scholarship deadline extended august 2026,Deadline / dates,Deadline tracker,scholarship deadline,PK,Google Autocomplete 2026-10-05
scholarship deadline extended july 2026 edu,Deadline / dates,Deadline tracker,scholarship deadline,PK,Google Autocomplete 2026-10-05
scholarship deadline extended june 2026-edu,Deadline / dates,Deadline tracker,scholarship deadline,PK,Google Autocomplete 2026-10-05
scholarship deadline extended may 2026,Deadline / dates,Deadline tracker,scholarship deadline,PK,Google Autocomplete 2026-10-05
scholarship deadline extended september 2026,Deadline / dates,Deadline tracker,scholarship deadline,PK,Google Autocomplete 2026-10-05
scholarship deadlines,Deadline / dates,Deadline tracker,scholarship deadline,PK,Google Autocomplete 2026-10-05
scholarship deadlines for fall 2026,Deadline / dates,Deadline tracker,scholarship deadline,PK,Google Autocomplete 2026-10-05
scholarship deadlines for fall 2027,Deadline / dates,Deadline tracker,scholarship deadline,PK,Google Autocomplete 2026-10-05
study in china deadline,Deadline / dates,Deadline tracker,study in china d*,PK,Google Autocomplete 2026-10-05
xjtu csc scholarship 2026 deadline,Deadline / dates,Deadline tracker,csc scholarship x*,PK,Google Autocomplete 2026-10-05
yes china scholarship 2025 deadline,Deadline / dates,Deadline tracker,china scholarship y*,PK,Google Autocomplete 2026-10-05
yes china scholarship 2026 deadline,Deadline / dates,Deadline tracker,china scholarship y*,PK,Google Autocomplete 2026-10-05
acceptance letter for csc scholarship pdf,Template / download,Document checklist & forms,csc scholarship pdf,PK,Google Autocomplete 2026-10-05
acceptance letter for csc scholarship sample,Template / download,Document checklist & forms,csc scholarship sample,PK,Google Autocomplete 2026-10-05
china acceptance letter,General / informational,Document checklist & forms,china admission letter,PK,Google Autocomplete 2026-10-05
china acceptance letter format,Template / download,Document checklist & forms,china admission letter,PK,Google Autocomplete 2026-10-05
china admission letter,General / informational,Document checklist & forms,china admission letter,PK,Google Autocomplete 2026-10-05
china pre admission letter,General / informational,Document checklist & forms,china admission letter,PK,Google Autocomplete 2026-10-05
china residence permit application form,Template / download,Document checklist & forms,china residence permit,PK,Google Autocomplete 2026-10-05
china scholarship 2026 application form,Template / download,Document checklist & forms,china scholarship 2026,PK,Google Autocomplete 2026-10-05
china scholarship 2026 professors acceptance letters,General / informational,Document checklist & forms,china scholarship 2026,PK,Google Autocomplete 2026-10-05
china scholarship application form,Template / download,Document checklist & forms,china scholarship form,PK,Google Autocomplete 2026-10-05
china scholarship application form pdf,Template / download,Document checklist & forms,china scholarship requirements,PK,Google Autocomplete 2026-10-05
china scholarship council application form pdf,Template / download,Document checklist & forms,china scholarship pdf,PK,Google Autocomplete 2026-10-05
china scholarship documents,General / informational,Document checklist & forms,china scholarship d*,PK,Google Autocomplete 2026-10-05
china scholarship documents required,General / informational,Document checklist & forms,china scholarship d*,PK,Google Autocomplete 2026-10-05
china scholarship medical form,Template / download,Document checklist & forms,china scholarship form,PK,Google Autocomplete 2026-10-05
china scholarship medical form pdf,Template / download,Document checklist & forms,china scholarship form,PK,Google Autocomplete 2026-10-05
china scholarship physical examination form,Template / download,Document checklist & forms,china scholarship p*,PK,Google Autocomplete 2026-10-05
china university admission letter,General / informational,Document checklist & forms,china admission letter,PK,Google Autocomplete 2026-10-05
china university pre admission letter,General / informational,Document checklist & forms,china admission letter,PK,Google Autocomplete 2026-10-05
chinese acceptance letter,General / informational,Document checklist & forms,china admission letter,PK,Google Autocomplete 2026-10-05
chinese admission letter,General / informational,Document checklist & forms,china admission letter,PK,Google Autocomplete 2026-10-05
chinese college admission letters,General / informational,Document checklist & forms,china admission letter,PK,Google Autocomplete 2026-10-05
csc application form,Template / download,Document checklist & forms,csc application form,PK,Google Autocomplete 2026-10-05
csc application form 2025,Template / download,Document checklist & forms,csc application form,PK,Google Autocomplete 2026-10-05
csc application form 2026,Template / download,Document checklist & forms,csc application form,PK,Google Autocomplete 2026-10-05
csc application form 2027,Template / download,Document checklist & forms,csc application form,PK,Google Autocomplete 2026-10-05
csc application form download,Template / download,Document checklist & forms,csc application form,PK,Google Autocomplete 2026-10-05
csc application form latin honors,Template / download,Document checklist & forms,csc application form,PK,Google Autocomplete 2026-10-05
csc application form online,Template / download,Document checklist & forms,csc application form,PK,Google Autocomplete 2026-10-05
csc application form pdf,Template / download,Document checklist & forms,csc application form,PK,Google Autocomplete 2026-10-05
csc scholarship application form,Template / download,Document checklist & forms,csc scholarship a*,PK,Google Autocomplete 2026-10-05
csc scholarship application form pdf download,Template / download,Document checklist & forms,csc scholarship pdf,PK,Google Autocomplete 2026-10-05
csc scholarship documents,General / informational,Document checklist & forms,csc scholarship d*,PK,Google Autocomplete 2026-10-05
csc scholarship documents list,List / finder,Document checklist & forms,csc scholarship d*,PK,Google Autocomplete 2026-10-05
csc scholarship documents required,General / informational,Document checklist & forms,csc scholarship d*,PK,Google Autocomplete 2026-10-05
csc scholarship medical form,Template / download,Document checklist & forms,csc scholarship m*,PK,Google Autocomplete 2026-10-05
csc scholarship medical form pdf,Template / download,Document checklist & forms,csc scholarship pdf,PK,Google Autocomplete 2026-10-05
csc scholarship online application form,Template / download,Document checklist & forms,csc scholarship online,PK,Google Autocomplete 2026-10-05
csc scholarship required documents,General / informational,Document checklist & forms,csc scholarship requirements,PK,Google Autocomplete 2026-10-05
csc scholarship without acceptance letter,General / informational,Document checklist & forms,csc scholarship w*,PK,Google Autocomplete 2026-10-05
documents required for china scholarship,General / informational,Document checklist & forms,china scholarship eligibility,PK,Google Autocomplete 2026-10-05
documents required for study in china,General / informational,Document checklist & forms,documents required for study in china,PK,Google Autocomplete 2026-10-05
documents required for study visa in china,General / informational,Document checklist & forms,documents required for study in china,PK,Google Autocomplete 2026-10-05
foreigner physical examination form,Template / download,Document checklist & forms,foreigner physical examination form,PK,Google Autocomplete 2026-10-05
foreigner physical examination form 2026,Template / download,Document checklist & forms,foreigner physical examination form,PK,Google Autocomplete 2026-10-05
foreigner physical examination form china example,Template / download,Document checklist & forms,foreigner physical examination form,PK,Google Autocomplete 2026-10-05
foreigner physical examination form china filled,Template / download,Document checklist & forms,foreigner physical examination form,PK,Google Autocomplete 2026-10-05
foreigner physical examination form china pdf,Template / download,Document checklist & forms,foreigner physical examination form,PK,Google Autocomplete 2026-10-05
foreigner physical examination form download,Template / download,Document checklist & forms,foreigner physical examination form,PK,Google Autocomplete 2026-10-05
foreigner physical examination form example,Template / download,Document checklist & forms,foreigner physical examination form,PK,Google Autocomplete 2026-10-05
foreigner physical examination form for china,Template / download,Document checklist & forms,foreigner physical examination form,PK,Google Autocomplete 2026-10-05
foreigner physical examination form pdf,Template / download,Document checklist & forms,foreigner physical examination form,PK,Google Autocomplete 2026-10-05
foreigner physical examination form pdf download,Template / download,Document checklist & forms,foreigner physical examination form,PK,Google Autocomplete 2026-10-05
jw202,General / informational,Document checklist & forms,jw202,PK,Google Autocomplete 2026-10-05
jw202 download,Template / download,Document checklist & forms,jw202,PK,Google Autocomplete 2026-10-05
jw202 form,Template / download,Document checklist & forms,jw202,PK,Google Autocomplete 2026-10-05
jw202 form china,Template / download,Document checklist & forms,jw202,PK,Google Autocomplete 2026-10-05
jw202 form china download,Template / download,Document checklist & forms,jw202,PK,Google Autocomplete 2026-10-05
jw202 form download,Template / download,Document checklist & forms,jw202,PK,Google Autocomplete 2026-10-05
jw202 meaning,General / informational,Document checklist & forms,jw202,PK,Google Autocomplete 2026-10-05
jw202 verification,Tool: checker / eligibility,Document checklist & forms,jw202,PK,Google Autocomplete 2026-10-05
jw202 verification online,Tool: checker / eligibility,Document checklist & forms,jw202,PK,Google Autocomplete 2026-10-05
jw202 visa,General / informational,Document checklist & forms,jw202,PK,Google Autocomplete 2026-10-05
medical form for china scholarship pdf download,Template / download,Document checklist & forms,china scholarship pdf,PK,Google Autocomplete 2026-10-05
study in china application form,Template / download,Document checklist & forms,study in china form,PK,Google Autocomplete 2026-10-05
study in china jw form,Template / download,Document checklist & forms,study in china form,PK,Google Autocomplete 2026-10-05
study in china jw form download,Template / download,Document checklist & forms,study in china form,PK,Google Autocomplete 2026-10-05
study in china jw202,General / informational,Document checklist & forms,study in china j*,PK,Google Autocomplete 2026-10-05
study in china jw202 download,Template / download,Document checklist & forms,study in china d*,PK,Google Autocomplete 2026-10-05
study in china jw202 download pdf download,Template / download,Document checklist & forms,study in china pdf,PK,Google Autocomplete 2026-10-05
study in china jw202 form,Template / download,Document checklist & forms,study in china form,PK,Google Autocomplete 2026-10-05
study in china jw202 form online,Template / download,Document checklist & forms,study in china form,PK,Google Autocomplete 2026-10-05
study in china jw202 pdf,Template / download,Document checklist & forms,study in china pdf,PK,Google Autocomplete 2026-10-05
study in china jw202 verification,Tool: checker / eligibility,Document checklist & forms,study in china j*,PK,Google Autocomplete 2026-10-05
study in china medical form,Template / download,Document checklist & forms,study in china form,PK,Google Autocomplete 2026-10-05
what are the documents required to study abroad,Question (blog/FAQ),Document checklist & forms,documents required for study in china,PK,Google Autocomplete 2026-10-05
x1 visa china application form,Template / download,Document checklist & forms,x1 visa china,PK,Google Autocomplete 2026-10-05
x1 visa china documents required,General / informational,Document checklist & forms,x1 visa china,PK,Google Autocomplete 2026-10-05
anso scholarship 2026 in china fully funded without ielts,General / informational,Eligibility checker,scholarship in china without ielts,PK,Google Autocomplete 2026-10-05
can i get scholarship without ielts,Question (blog/FAQ),Eligibility checker,scholarship in china without ielts,PK,Google Autocomplete 2026-10-05
can i study in china without ielts,Question (blog/FAQ),Eligibility checker,study in china without ielts,PK,Google Autocomplete 2026-10-05
can i study mbbs in china after 12th,Question (blog/FAQ),Eligibility checker,mbbs in china a*,PK,Google Autocomplete 2026-10-05
can i study mbbs in china without neet,Question (blog/FAQ),Eligibility checker,mbbs in china w*,PK,Google Autocomplete 2026-10-05
china bank requirements for opening account,Tool: checker / eligibility,Eligibility checker,china bank account for foreigners,PK,Google Autocomplete 2026-10-05
china diploma scholarship requirements,Tool: checker / eligibility,Eligibility checker,china scholarship d*,PK,Google Autocomplete 2026-10-05
china government scholarship eligibility,Tool: checker / eligibility,Eligibility checker,china scholarship eligibility,PK,Google Autocomplete 2026-10-05
china government scholarship requirements,Tool: checker / eligibility,Eligibility checker,china scholarship r*,PK,Google Autocomplete 2026-10-05
china neet scholarship,General / informational,Eligibility checker,china scholarship n*,PK,Google Autocomplete 2026-10-05
china residence permit requirements,Tool: checker / eligibility,Eligibility checker,china residence permit,PK,Google Autocomplete 2026-10-05
china scholarship 2026 requirements,Tool: checker / eligibility,Eligibility checker,china scholarship 2026,PK,Google Autocomplete 2026-10-05
china scholarship council eligibility criteria,Tool: checker / eligibility,Eligibility checker,china scholarship eligibility,PK,Google Autocomplete 2026-10-05
china scholarship eligibility,Tool: checker / eligibility,Eligibility checker,csc scholarship eligibility,PK,Google Autocomplete 2026-10-05
china scholarship eligibility grenada,Tool: checker / eligibility,Eligibility checker,csc scholarship eligibility,PK,Google Autocomplete 2026-10-05
china scholarship requirements,Tool: checker / eligibility,Eligibility checker,csc scholarship requirements,PK,Google Autocomplete 2026-10-05
china scholarship without ielts,General / informational,Eligibility checker,china scholarship w*,PK,Google Autocomplete 2026-10-05
china student study in singapore requirements,Tool: checker / eligibility,Eligibility checker,study in china requirements,PK,Google Autocomplete 2026-10-05
china student visa requirements,Tool: checker / eligibility,Eligibility checker,china student visa,PK,Google Autocomplete 2026-10-05
china student visa requirements for pakistani,Tool: checker / eligibility,Eligibility checker,china student visa,PK,Google Autocomplete 2026-10-05
china visa from pakistan requirement,Tool: checker / eligibility,Eligibility checker,china visa from pakistan,PK,Google Autocomplete 2026-10-05
china visa requirements,Tool: checker / eligibility,Eligibility checker,china visa requirements,PK,Google Autocomplete 2026-10-05
china visa requirements for canadian citizens,Tool: checker / eligibility,Eligibility checker,china visa requirements,PK,Google Autocomplete 2026-10-05
china visa requirements for filipino,Tool: checker / eligibility,Eligibility checker,china visa requirements,PK,Google Autocomplete 2026-10-05
china visa requirements for filipino 2026,Tool: checker / eligibility,Eligibility checker,china visa requirements,PK,Google Autocomplete 2026-10-05
china visa requirements for pakistani,Tool: checker / eligibility,Eligibility checker,china visa requirements,PK,Google Autocomplete 2026-10-05
china visa requirements for pakistani citizens,Tool: checker / eligibility,Eligibility checker,china visa requirements,PK,Google Autocomplete 2026-10-05
china visa requirements for pakistani citizens 2026,Tool: checker / eligibility,Eligibility checker,china visa requirements,PK,Google Autocomplete 2026-10-05
china visa requirements for pakistani passport,Tool: checker / eligibility,Eligibility checker,china visa requirements,PK,Google Autocomplete 2026-10-05
china visa requirements for us citizens,Tool: checker / eligibility,Eligibility checker,china visa requirements,PK,Google Autocomplete 2026-10-05
china visa requirements pakistan,Tool: checker / eligibility,Eligibility checker,china visa requirements,PK,Google Autocomplete 2026-10-05
chinese government scholarship eligibility,Tool: checker / eligibility,Eligibility checker,csc scholarship eligibility,PK,Google Autocomplete 2026-10-05
chinese government scholarship requirements,Tool: checker / eligibility,Eligibility checker,csc scholarship requirements,PK,Google Autocomplete 2026-10-05
chinese government scholarship requirements 2026,Tool: checker / eligibility,Eligibility checker,csc scholarship requirements,PK,Google Autocomplete 2026-10-05
csc application form for eligibility,Tool: checker / eligibility,Eligibility checker,csc application form,PK,Google Autocomplete 2026-10-05
csc application form for honor graduate eligibility,Tool: checker / eligibility,Eligibility checker,csc application form,PK,Google Autocomplete 2026-10-05
csc china scholarship requirements,Tool: checker / eligibility,Eligibility checker,china scholarship requirements,PK,Google Autocomplete 2026-10-05
csc scholarship china eligibility criteria,Tool: checker / eligibility,Eligibility checker,csc scholarship c*,PK,Google Autocomplete 2026-10-05
csc scholarship criteria,Tool: checker / eligibility,Eligibility checker,csc scholarship c*,PK,Google Autocomplete 2026-10-05
csc scholarship eligibility criteria,Tool: checker / eligibility,Eligibility checker,csc scholarship eligibility,PK,Google Autocomplete 2026-10-05
csc scholarship eligibility for indian students,Tool: checker / eligibility,Eligibility checker,csc scholarship eligibility,PK,Google Autocomplete 2026-10-05
csc scholarship eligible countries,Tool: checker / eligibility,Eligibility checker,csc scholarship eligibility,PK,Google Autocomplete 2026-10-05
csc scholarship eligible universities,Tool: checker / eligibility,Eligibility checker,csc scholarship eligibility,PK,Google Autocomplete 2026-10-05
csc scholarship hsk requirements,Tool: checker / eligibility,Eligibility checker,csc scholarship h*,PK,Google Autocomplete 2026-10-05
csc scholarship masters requirements,Tool: checker / eligibility,Eligibility checker,csc scholarship m*,PK,Google Autocomplete 2026-10-05
csc scholarship requirements,Tool: checker / eligibility,Eligibility checker,csc scholarship eligibility,PK,Google Autocomplete 2026-10-05
csc scholarship requirements 2026,Tool: checker / eligibility,Eligibility checker,csc scholarship requirements,PK,Google Autocomplete 2026-10-05
csc scholarship requirements for bachelor degree,Tool: checker / eligibility,Eligibility checker,csc scholarship eligibility,PK,Google Autocomplete 2026-10-05
csc scholarship requirements for master degree,Tool: checker / eligibility,Eligibility checker,csc scholarship requirements,PK,Google Autocomplete 2026-10-05
csc scholarship requirements for phd,Tool: checker / eligibility,Eligibility checker,csc scholarship requirements,PK,Google Autocomplete 2026-10-05
csc scholarship requirements for undergraduate,Tool: checker / eligibility,Eligibility checker,csc scholarship requirements,PK,Google Autocomplete 2026-10-05
csc scholarship type b requirements,Tool: checker / eligibility,Eligibility checker,csc scholarship t*,PK,Google Autocomplete 2026-10-05
csc scholarship undergraduate requirements,Tool: checker / eligibility,Eligibility checker,csc scholarship u*,PK,Google Autocomplete 2026-10-05
csc study in china requirements,Tool: checker / eligibility,Eligibility checker,study in china requirements,PK,Google Autocomplete 2026-10-05
does mbbs in china require mdcat,Question (blog/FAQ),Eligibility checker,mbbs in china requirements,PK,Google Autocomplete 2026-10-05
eligibility criteria for mbbs in china for pakistani students,Tool: checker / eligibility,Eligibility checker,mbbs in china eligibility,PK,Google Autocomplete 2026-10-05
free study in china without ielts,General / informational,Eligibility checker,study in china without ielts,PK,Google Autocomplete 2026-10-05
fully funded scholarship in china for undergraduate requirements,Tool: checker / eligibility,Eligibility checker,fully funded scholarship in china,PK,Google Autocomplete 2026-10-05
fully funded scholarship in china for undergraduate without ielts,General / informational,Eligibility checker,scholarship in china without ielts,PK,Google Autocomplete 2026-10-05
fully funded scholarship in china without ielts,General / informational,Eligibility checker,scholarship in china without ielts,PK,Google Autocomplete 2026-10-05
global korea scholarship eligibility checker,Tool: checker / eligibility,Eligibility checker,scholarship eligibility checker,PK,Google Autocomplete 2026-10-05
hsk 1 requirements,Tool: checker / eligibility,Eligibility checker,hsk requirements,PK,Google Autocomplete 2026-10-05
hsk 2 requirements,Tool: checker / eligibility,Eligibility checker,hsk requirements,PK,Google Autocomplete 2026-10-05
hsk 3 requirements,Tool: checker / eligibility,Eligibility checker,hsk template,PK,Google Autocomplete 2026-10-05
hsk 4 requirements,Tool: checker / eligibility,Eligibility checker,hsk requirements,PK,Google Autocomplete 2026-10-05
hsk 5 requirements,Tool: checker / eligibility,Eligibility checker,hsk requirements,PK,Google Autocomplete 2026-10-05
hsk eligibility,Tool: checker / eligibility,Eligibility checker,hsk eligibility,PK,Google Autocomplete 2026-10-05
hsk photo requirements,Tool: checker / eligibility,Eligibility checker,hsk requirements,PK,Google Autocomplete 2026-10-05
hsk requirements,Tool: checker / eligibility,Eligibility checker,hsk requirements,PK,Google Autocomplete 2026-10-05
hsk requirements for chinese universities,Tool: checker / eligibility,Eligibility checker,hsk requirements,PK,Google Autocomplete 2026-10-05
hsk requirements for peking university,Tool: checker / eligibility,Eligibility checker,hsk requirements,PK,Google Autocomplete 2026-10-05
hsk requirements for zhejiang university,Tool: checker / eligibility,Eligibility checker,hsk requirements,PK,Google Autocomplete 2026-10-05
mbbs in china admission requirements,Tool: checker / eligibility,Eligibility checker,mbbs in china requirements,PK,Google Autocomplete 2026-10-05
mbbs in china criteria,Tool: checker / eligibility,Eligibility checker,mbbs in china requirements,PK,Google Autocomplete 2026-10-05
mbbs in china eligibility,Tool: checker / eligibility,Eligibility checker,mbbs in china eligibility,PK,Google Autocomplete 2026-10-05
mbbs in china for bangladeshi students requirements,Tool: checker / eligibility,Eligibility checker,mbbs in china requirements,PK,Google Autocomplete 2026-10-05
mbbs in china for indian students eligibility,Tool: checker / eligibility,Eligibility checker,mbbs in china eligibility,PK,Google Autocomplete 2026-10-05
mbbs in china for indian students requirements,Tool: checker / eligibility,Eligibility checker,mbbs in china requirements,PK,Google Autocomplete 2026-10-05
mbbs in china for indian students without neet,General / informational,Eligibility checker,mbbs in china n*,PK,Google Autocomplete 2026-10-05
mbbs in china for international students requirements,Tool: checker / eligibility,Eligibility checker,mbbs in china requirements,PK,Google Autocomplete 2026-10-05
mbbs in china for pakistani students requirements,Tool: checker / eligibility,Eligibility checker,mbbs in china,PK,Google Autocomplete 2026-10-05
mbbs in china for pakistani students without mdcat,General / informational,Eligibility checker,mbbs in china for pakistani students,PK,Google Autocomplete 2026-10-05
mbbs in china requirements,Tool: checker / eligibility,Eligibility checker,mbbs in china requirements,PK,Google Autocomplete 2026-10-05
mbbs in china scholarship requirements,Tool: checker / eligibility,Eligibility checker,mbbs in china requirements,PK,Google Autocomplete 2026-10-05
mbbs in china without mdcat,General / informational,Eligibility checker,mbbs in china m*,PK,Google Autocomplete 2026-10-05
mbbs in china without neet,General / informational,Eligibility checker,mbbs in china n*,PK,Google Autocomplete 2026-10-05
national scholarship eligibility checker,Tool: checker / eligibility,Eligibility checker,scholarship eligibility checker,PK,Google Autocomplete 2026-10-05
pg in china after mbbs requirements,Tool: checker / eligibility,Eligibility checker,mbbs in china requirements,PK,Google Autocomplete 2026-10-05
provincial scholarship in china requirements,Tool: checker / eligibility,Eligibility checker,provincial scholarship china,PK,Google Autocomplete 2026-10-05
requirements to study in china,Tool: checker / eligibility,Eligibility checker,documents required for study in china,PK,Google Autocomplete 2026-10-05
rhodes scholarship eligibility checker,Tool: checker / eligibility,Eligibility checker,scholarship eligibility checker,PK,Google Autocomplete 2026-10-05
sbi asha scholarship eligibility checker,Tool: checker / eligibility,Eligibility checker,scholarship eligibility checker,PK,Google Autocomplete 2026-10-05
scholarship eligibility calculator,Tool: calculator / converter,Eligibility checker,scholarship eligibility checker,PK,Google Autocomplete 2026-10-05
scholarship eligibility check nsp,Tool: checker / eligibility,Eligibility checker,scholarship eligibility checker,PK,Google Autocomplete 2026-10-05
scholarship eligibility checker,Tool: checker / eligibility,Eligibility checker,scholarship eligibility checker,PK,Google Autocomplete 2026-10-05
scholarship eligibility checker nsp,Tool: checker / eligibility,Eligibility checker,scholarship eligibility checker,PK,Google Autocomplete 2026-10-05
scholarship eligibility checker tool,Tool: checker / eligibility,Eligibility checker,scholarship eligibility checker,PK,Google Autocomplete 2026-10-05
scholarship eligibility test,Tool: checker / eligibility,Eligibility checker,scholarship eligibility checker,PK,Google Autocomplete 2026-10-05
scholarship in china without ielts,General / informational,Eligibility checker,scholarship in china without ielts,PK,Google Autocomplete 2026-10-05
study in china for indian students after 12th,General / informational,Eligibility checker,study in china f*,PK,Google Autocomplete 2026-10-05
study in china for international students requirements,Tool: checker / eligibility,Eligibility checker,study in china requirements,PK,Google Autocomplete 2026-10-05
study in china from bangladesh requirements,Tool: checker / eligibility,Eligibility checker,study in china requirements,PK,Google Autocomplete 2026-10-05
study in china requirements,Tool: checker / eligibility,Eligibility checker,study in china requirements,PK,Google Autocomplete 2026-10-05
study in china scholarship requirements,Tool: checker / eligibility,Eligibility checker,study in china requirements,PK,Google Autocomplete 2026-10-05
study in china without ielts,General / informational,Eligibility checker,study in china without ielts,PK,Google Autocomplete 2026-10-05
study medicine in china for international students requirements,Tool: checker / eligibility,Eligibility checker,study in china requirements,PK,Google Autocomplete 2026-10-05
study medicine in china requirements,Tool: checker / eligibility,Eligibility checker,study in china requirements,PK,Google Autocomplete 2026-10-05
study psychology in china in english requirements,Tool: checker / eligibility,Eligibility checker,study in china requirements,PK,Google Autocomplete 2026-10-05
study visa china requirements,Tool: checker / eligibility,Eligibility checker,study in china requirements,PK,Google Autocomplete 2026-10-05
work visa china requirements,Tool: checker / eligibility,Eligibility checker,work visa china,PK,Google Autocomplete 2026-10-05
x1 visa china requirements,Tool: checker / eligibility,Eligibility checker,x1 visa china,PK,Google Autocomplete 2026-10-05
zhengzhou university president scholarship 2026/study in china without ielts,General / informational,Eligibility checker,scholarship in china without ielts,PK,Google Autocomplete 2026-10-05
2027 hsk exam date,General / informational,HSK tools,hsk 2027,PK,Google Autocomplete 2026-10-05
can you do hsk test online,Question (blog/FAQ),HSK tools,hsk checker,PK,Google Autocomplete 2026-10-05
check hsk result,Tool: checker / eligibility,HSK tools,hsk checker,PK,Google Autocomplete 2026-10-05
china hsk scholarship,General / informational,HSK tools,china scholarship h*,PK,Google Autocomplete 2026-10-05
china scholarship without hsk,General / informational,HSK tools,china scholarship h*,PK,Google Autocomplete 2026-10-05
daad hsk 2027,General / informational,HSK tools,hsk 2027,PK,Google Autocomplete 2026-10-05
format hsk 1,Template / download,HSK tools,hsk form,PK,Google Autocomplete 2026-10-05
format hsk 2,Template / download,HSK tools,hsk form,PK,Google Autocomplete 2026-10-05
format hsk 3,Template / download,HSK tools,hsk form,PK,Google Autocomplete 2026-10-05
format hsk 4,Template / download,HSK tools,hsk form,PK,Google Autocomplete 2026-10-05
format hsk 5,Template / download,HSK tools,hsk form,PK,Google Autocomplete 2026-10-05
format hsk 6 3.0,Template / download,HSK tools,hsk form,PK,Google Autocomplete 2026-10-05
formaður hsk,General / informational,HSK tools,hsk form,PK,Google Autocomplete 2026-10-05
how do i find my hsk results,Question (blog/FAQ),HSK tools,hsk checker,PK,Google Autocomplete 2026-10-05
hsk,General / informational,HSK tools,hsk,PK,Google Autocomplete 2026-10-05
hsk 1,General / informational,HSK tools,hsk,PK,Google Autocomplete 2026-10-05
hsk 1 book,General / informational,HSK tools,hsk,PK,Google Autocomplete 2026-10-05
hsk 1 pdf,Template / download,HSK tools,hsk,PK,Google Autocomplete 2026-10-05
hsk 1 template,Template / download,HSK tools,hsk template,PK,Google Autocomplete 2026-10-05
hsk 1 vocabulary,General / informational,HSK tools,hsk,PK,Google Autocomplete 2026-10-05
hsk 1 vocabulary pdf,Template / download,HSK tools,hsk,PK,Google Autocomplete 2026-10-05
hsk 2 score calculator,Tool: calculator / converter,HSK tools,hsk calculator,PK,Google Autocomplete 2026-10-05
hsk 2026,General / informational,HSK tools,hsk 2026,PK,Google Autocomplete 2026-10-05
hsk 2026 calendar,General / informational,HSK tools,hsk 2026,PK,Google Autocomplete 2026-10-05
hsk 2026 results,General / informational,HSK tools,hsk 2026,PK,Google Autocomplete 2026-10-05
hsk 2026 schedule,General / informational,HSK tools,hsk 2026,PK,Google Autocomplete 2026-10-05
hsk 2026 vocabulary,General / informational,HSK tools,hsk 2026,PK,Google Autocomplete 2026-10-05
hsk 2026 vocabulary changes,General / informational,HSK tools,hsk 2026,PK,Google Autocomplete 2026-10-05
hsk 2026 vocabulary list,List / finder,HSK tools,hsk 2026,PK,Google Autocomplete 2026-10-05
hsk 2027,General / informational,HSK tools,hsk 2027,PK,Google Autocomplete 2026-10-05
hsk 2027 berlin,General / informational,HSK tools,hsk 2027,PK,Google Autocomplete 2026-10-05
hsk 2027 даты,General / informational,HSK tools,hsk 2027,PK,Google Autocomplete 2026-10-05
hsk 3,General / informational,HSK tools,hsk,PK,Google Autocomplete 2026-10-05
hsk 3 calculator,Tool: calculator / converter,HSK tools,hsk calculator,PK,Google Autocomplete 2026-10-05
hsk 3 exam in pakistan,General / informational,HSK tools,hsk exam in pakistan,PK,Google Autocomplete 2026-10-05
hsk 3 score calculator,Tool: calculator / converter,HSK tools,hsk calculator,PK,Google Autocomplete 2026-10-05
hsk 3 test example,Template / download,HSK tools,hsk template,PK,Google Autocomplete 2026-10-05
hsk 4,General / informational,HSK tools,hsk,PK,Google Autocomplete 2026-10-05
hsk 4 calculator,Tool: calculator / converter,HSK tools,hsk calculator,PK,Google Autocomplete 2026-10-05
hsk 4 exam in pakistan,General / informational,HSK tools,hsk exam in pakistan,PK,Google Autocomplete 2026-10-05
hsk 4 score calculator,Tool: calculator / converter,HSK tools,hsk calculator,PK,Google Autocomplete 2026-10-05
hsk 5 calculator,Tool: calculator / converter,HSK tools,hsk calculator,PK,Google Autocomplete 2026-10-05
hsk 5 score calculator,Tool: calculator / converter,HSK tools,hsk calculator,PK,Google Autocomplete 2026-10-05
hsk academy,General / informational,HSK tools,hsk a*,PK,Google Autocomplete 2026-10-05
hsk academy chinese,General / informational,HSK tools,hsk a*,PK,Google Autocomplete 2026-10-05
hsk ada berapa level,General / informational,HSK tools,hsk a*,PK,Google Autocomplete 2026-10-05
hsk adalah,General / informational,HSK tools,hsk a*,PK,Google Autocomplete 2026-10-05
hsk admission ticket,General / informational,HSK tools,hsk a*,PK,Google Autocomplete 2026-10-05
hsk ah,General / informational,HSK tools,hsk a*,PK,Google Autocomplete 2026-10-05
hsk anki decks,General / informational,HSK tools,hsk a*,PK,Google Autocomplete 2026-10-05
hsk answer sheet,General / informational,HSK tools,hsk a*,PK,Google Autocomplete 2026-10-05
hsk app,General / informational,HSK tools,hsk a*,PK,Google Autocomplete 2026-10-05
hsk apply,General / informational,HSK tools,hsk a*,PK,Google Autocomplete 2026-10-05
hsk berapa level,General / informational,HSK tools,hsk b*,PK,Google Autocomplete 2026-10-05
hsk book 1,General / informational,HSK tools,hsk b*,PK,Google Autocomplete 2026-10-05
hsk book 1 pdf,Template / download,HSK tools,hsk b*,PK,Google Autocomplete 2026-10-05
hsk book 2,General / informational,HSK tools,hsk b*,PK,Google Autocomplete 2026-10-05
hsk books,General / informational,HSK tools,hsk b*,PK,Google Autocomplete 2026-10-05
hsk books in pakistan,General / informational,HSK tools,hsk b*,PK,Google Autocomplete 2026-10-05
hsk brakes,General / informational,HSK tools,hsk b*,PK,Google Autocomplete 2026-10-05
hsk braves,General / informational,HSK tools,hsk b*,PK,Google Autocomplete 2026-10-05
hsk builders,General / informational,HSK tools,hsk b*,PK,Google Autocomplete 2026-10-05
hsk bundusan,General / informational,HSK tools,hsk b*,PK,Google Autocomplete 2026-10-05
hsk calculator,Tool: calculator / converter,HSK tools,hsk calculator,PK,Google Autocomplete 2026-10-05
hsk center in pakistan,General / informational,HSK tools,hsk c*,PK,Google Autocomplete 2026-10-05
hsk certificate,General / informational,HSK tools,hsk c*,PK,Google Autocomplete 2026-10-05
hsk certificate download,Template / download,HSK tools,hsk c*,PK,Google Autocomplete 2026-10-05
hsk checker,Tool: checker / eligibility,HSK tools,hsk checker,PK,Google Autocomplete 2026-10-05
hsk chinese,General / informational,HSK tools,hsk c*,PK,Google Autocomplete 2026-10-05
hsk chinese book,General / informational,HSK tools,hsk c*,PK,Google Autocomplete 2026-10-05
hsk chinese language,General / informational,HSK tools,hsk c*,PK,Google Autocomplete 2026-10-05
hsk chinese test,General / informational,HSK tools,hsk c*,PK,Google Autocomplete 2026-10-05
hsk course,General / informational,HSK tools,hsk c*,PK,Google Autocomplete 2026-10-05
hsk có mấy bậc,General / informational,HSK tools,hsk c*,PK,Google Autocomplete 2026-10-05
hsk có mấy cấp,General / informational,HSK tools,hsk c*,PK,Google Autocomplete 2026-10-05
hsk d,General / informational,HSK tools,hsk d*,PK,Google Autocomplete 2026-10-05
hsk database,General / informational,HSK tools,hsk d*,PK,Google Autocomplete 2026-10-05
hsk den haag,General / informational,HSK tools,hsk d*,PK,Google Autocomplete 2026-10-05
hsk developers,General / informational,HSK tools,hsk d*,PK,Google Autocomplete 2026-10-05
hsk dictionary,General / informational,HSK tools,hsk d*,PK,Google Autocomplete 2026-10-05
hsk dot brakes,General / informational,HSK tools,hsk d*,PK,Google Autocomplete 2026-10-05
hsk duschkabinen,General / informational,HSK tools,hsk d*,PK,Google Autocomplete 2026-10-05
hsk enterprises,General / informational,HSK tools,hsk e*,PK,Google Autocomplete 2026-10-05
hsk enterprises islamabad,General / informational,HSK tools,hsk e*,PK,Google Autocomplete 2026-10-05
hsk exam,General / informational,HSK tools,hsk e*,PK,Google Autocomplete 2026-10-05
hsk exam center in pakistan,General / informational,HSK tools,hsk exam in pakistan,PK,Google Autocomplete 2026-10-05
hsk exam in pakistan,General / informational,HSK tools,hsk exam in pakistan,PK,Google Autocomplete 2026-10-05
hsk exam levels,General / informational,HSK tools,hsk eligibility,PK,Google Autocomplete 2026-10-05
hsk exam official website,General / informational,HSK tools,hsk e*,PK,Google Autocomplete 2026-10-05
hsk exam registration,Login / portal (navigational),HSK tools,hsk e*,PK,Google Autocomplete 2026-10-05
hsk f,General / informational,HSK tools,hsk f*,PK,Google Autocomplete 2026-10-05
hsk f63,General / informational,HSK tools,hsk f*,PK,Google Autocomplete 2026-10-05
hsk fashion,General / informational,HSK tools,hsk f*,PK,Google Autocomplete 2026-10-05
hsk flashcards,General / informational,HSK tools,hsk f*,PK,Google Autocomplete 2026-10-05
hsk flashcards app,General / informational,HSK tools,hsk f*,PK,Google Autocomplete 2026-10-05
hsk form,Template / download,HSK tools,hsk form,PK,Google Autocomplete 2026-10-05
hsk form photo size,Template / download,HSK tools,hsk form,PK,Google Autocomplete 2026-10-05
hsk format,Template / download,HSK tools,hsk form,PK,Google Autocomplete 2026-10-05
hsk free test,General / informational,HSK tools,hsk f*,PK,Google Autocomplete 2026-10-05
hsk full form,Template / download,HSK tools,hsk f*,PK,Google Autocomplete 2026-10-05
hsk full meaning,General / informational,HSK tools,hsk f*,PK,Google Autocomplete 2026-10-05
hsk game,General / informational,HSK tools,hsk g*,PK,Google Autocomplete 2026-10-05
hsk go,General / informational,HSK tools,hsk g*,PK,Google Autocomplete 2026-10-05
hsk grade,General / informational,HSK tools,hsk g*,PK,Google Autocomplete 2026-10-05
hsk grammar,General / informational,HSK tools,hsk g*,PK,Google Autocomplete 2026-10-05
hsk grammar pdf,Template / download,HSK tools,hsk g*,PK,Google Autocomplete 2026-10-05
hsk graphics,General / informational,HSK tools,hsk g*,PK,Google Autocomplete 2026-10-05
hsk graphix,General / informational,HSK tools,hsk g*,PK,Google Autocomplete 2026-10-05
hsk groep,General / informational,HSK tools,hsk g*,PK,Google Autocomplete 2026-10-05
hsk group,General / informational,HSK tools,hsk g*,PK,Google Autocomplete 2026-10-05
hsk group of companies,General / informational,HSK tools,hsk g*,PK,Google Autocomplete 2026-10-05
hsk h,General / informational,HSK tools,hsk h*,PK,Google Autocomplete 2026-10-05
hsk hair,General / informational,HSK tools,hsk h*,PK,Google Autocomplete 2026-10-05
hsk helsinki,General / informational,HSK tools,hsk h*,PK,Google Autocomplete 2026-10-05
hsk highest level,General / informational,HSK tools,hsk h*,PK,Google Autocomplete 2026-10-05
hsk holder,General / informational,HSK tools,hsk h*,PK,Google Autocomplete 2026-10-05
hsk hospital,General / informational,HSK tools,hsk h*,PK,Google Autocomplete 2026-10-05
hsk hospital bagalkot,General / informational,HSK tools,hsk h*,PK,Google Autocomplete 2026-10-05
hsk hotel,General / informational,HSK tools,hsk h*,PK,Google Autocomplete 2026-10-05
hsk hotel kuala lumpur,General / informational,HSK tools,hsk h*,PK,Google Autocomplete 2026-10-05
hsk how many levels,General / informational,HSK tools,hsk h*,PK,Google Autocomplete 2026-10-05
hsk in chinese,General / informational,HSK tools,hsk i*,PK,Google Autocomplete 2026-10-05
hsk in pakistan,General / informational,HSK tools,hsk i*,PK,Google Autocomplete 2026-10-05
hsk indonesia,General / informational,HSK tools,hsk i*,PK,Google Autocomplete 2026-10-05
hsk industrial centre,General / informational,HSK tools,hsk i*,PK,Google Autocomplete 2026-10-05
hsk industries,General / informational,HSK tools,hsk i*,PK,Google Autocomplete 2026-10-05
hsk infra pvt ltd,General / informational,HSK tools,hsk i*,PK,Google Autocomplete 2026-10-05
hsk international,General / informational,HSK tools,hsk i*,PK,Google Autocomplete 2026-10-05
hsk is,General / informational,HSK tools,hsk i*,PK,Google Autocomplete 2026-10-05
hsk it solutions,General / informational,HSK tools,hsk i*,PK,Google Autocomplete 2026-10-05
hsk itu apa,General / informational,HSK tools,hsk i*,PK,Google Autocomplete 2026-10-05
hsk jadwal 2026,General / informational,HSK tools,hsk j*,PK,Google Autocomplete 2026-10-05
hsk jakarta,General / informational,HSK tools,hsk j*,PK,Google Autocomplete 2026-10-05
hsk japan,General / informational,HSK tools,hsk j*,PK,Google Autocomplete 2026-10-05
hsk jaya enterprise,General / informational,HSK tools,hsk j*,PK,Google Autocomplete 2026-10-05
hsk jepara,General / informational,HSK tools,hsk j*,PK,Google Autocomplete 2026-10-05
hsk jewelry,General / informational,HSK tools,hsk j*,PK,Google Autocomplete 2026-10-05
hsk jobs,General / informational,HSK tools,hsk j*,PK,Google Autocomplete 2026-10-05
hsk johor,General / informational,HSK tools,hsk j*,PK,Google Autocomplete 2026-10-05
hsk jpj f,General / informational,HSK tools,hsk j*,PK,Google Autocomplete 2026-10-05
hsk jvd,General / informational,HSK tools,hsk j*,PK,Google Autocomplete 2026-10-05
hsk kaoshi,General / informational,HSK tools,hsk k*,PK,Google Autocomplete 2026-10-05
hsk kararname,General / informational,HSK tools,hsk k*,PK,Google Autocomplete 2026-10-05
hsk kaç üyeden oluşur,General / informational,HSK tools,hsk k*,PK,Google Autocomplete 2026-10-05
hsk kebab van,General / informational,HSK tools,hsk k*,PK,Google Autocomplete 2026-10-05
hsk kennzeichen,General / informational,HSK tools,hsk k*,PK,Google Autocomplete 2026-10-05
hsk kennzeichen deutschland,General / informational,HSK tools,hsk k*,PK,Google Autocomplete 2026-10-05
hsk kepanjangan,General / informational,HSK tools,hsk k*,PK,Google Autocomplete 2026-10-05
hsk keratitis,General / informational,HSK tools,hsk k*,PK,Google Autocomplete 2026-10-05
hsk kormoran,General / informational,HSK tools,hsk k*,PK,Google Autocomplete 2026-10-05
hsk kramer,General / informational,HSK tools,hsk k*,PK,Google Autocomplete 2026-10-05
hsk language,General / informational,HSK tools,hsk l*,PK,Google Autocomplete 2026-10-05
hsk level 1,General / informational,HSK tools,hsk level,PK,Google Autocomplete 2026-10-05
hsk level 1 book,General / informational,HSK tools,hsk level,PK,Google Autocomplete 2026-10-05
hsk level 1 book pdf,Template / download,HSK tools,hsk level,PK,Google Autocomplete 2026-10-05
hsk level 1 test,General / informational,HSK tools,hsk level,PK,Google Autocomplete 2026-10-05
hsk level 1 vocabulary list,List / finder,HSK tools,hsk level,PK,Google Autocomplete 2026-10-05
hsk level 2,General / informational,HSK tools,hsk level,PK,Google Autocomplete 2026-10-05
hsk level 3,General / informational,HSK tools,hsk level,PK,Google Autocomplete 2026-10-05
hsk level 4,General / informational,HSK tools,hsk level,PK,Google Autocomplete 2026-10-05
hsk level 5,General / informational,HSK tools,hsk level,PK,Google Autocomplete 2026-10-05
hsk level checker,Tool: checker / eligibility,HSK tools,hsk checker,PK,Google Autocomplete 2026-10-05
hsk levels,General / informational,HSK tools,hsk level,PK,Google Autocomplete 2026-10-05
hsk list,List / finder,HSK tools,hsk list,PK,Google Autocomplete 2026-10-05
hsk list 1,List / finder,HSK tools,hsk list,PK,Google Autocomplete 2026-10-05
hsk listening,General / informational,HSK tools,hsk list,PK,Google Autocomplete 2026-10-05
hsk listening 1,General / informational,HSK tools,hsk list,PK,Google Autocomplete 2026-10-05
hsk listening audio,General / informational,HSK tools,hsk list,PK,Google Autocomplete 2026-10-05
hsk listening practice,General / informational,HSK tools,hsk list,PK,Google Autocomplete 2026-10-05
hsk listening script,General / informational,HSK tools,hsk list,PK,Google Autocomplete 2026-10-05
hsk listening test,General / informational,HSK tools,hsk list,PK,Google Autocomplete 2026-10-05
hsk lister turm,General / informational,HSK tools,hsk list,PK,Google Autocomplete 2026-10-05
hsk login,Login / portal (navigational),HSK tools,hsk l*,PK,Google Autocomplete 2026-10-05
hsk mandarin,General / informational,HSK tools,hsk m*,PK,Google Autocomplete 2026-10-05
hsk map,General / informational,HSK tools,hsk m*,PK,Google Autocomplete 2026-10-05
hsk meaning,General / informational,HSK tools,hsk m*,PK,Google Autocomplete 2026-10-05
hsk meaning chinese,General / informational,HSK tools,hsk m*,PK,Google Autocomplete 2026-10-05
hsk mock,General / informational,HSK tools,hsk m*,PK,Google Autocomplete 2026-10-05
hsk mock test,General / informational,HSK tools,hsk m*,PK,Google Autocomplete 2026-10-05
hsk mock test free,General / informational,HSK tools,hsk m*,PK,Google Autocomplete 2026-10-05
hsk mouse,General / informational,HSK tools,hsk m*,PK,Google Autocomplete 2026-10-05
hsk myanmar,General / informational,HSK tools,hsk m*,PK,Google Autocomplete 2026-10-05
hsk mấy cao nhất,General / informational,HSK tools,hsk m*,PK,Google Autocomplete 2026-10-05
hsk n jv,General / informational,HSK tools,hsk n*,PK,Google Autocomplete 2026-10-05
hsk nedir,General / informational,HSK tools,hsk n*,PK,Google Autocomplete 2026-10-05
hsk new,General / informational,HSK tools,hsk n*,PK,Google Autocomplete 2026-10-05
hsk new book pdf,Template / download,HSK tools,hsk n*,PK,Google Autocomplete 2026-10-05
hsk new books,General / informational,HSK tools,hsk n*,PK,Google Autocomplete 2026-10-05
hsk new version,General / informational,HSK tools,hsk n*,PK,Google Autocomplete 2026-10-05
hsk new version 3.0,General / informational,HSK tools,hsk n*,PK,Google Autocomplete 2026-10-05
hsk new version 3.0 pdf,Template / download,HSK tools,hsk n*,PK,Google Autocomplete 2026-10-05
hsk new version pdf,Template / download,HSK tools,hsk n*,PK,Google Autocomplete 2026-10-05
hsk nijmegen,General / informational,HSK tools,hsk n*,PK,Google Autocomplete 2026-10-05
hsk official,General / informational,HSK tools,hsk o*,PK,Google Autocomplete 2026-10-05
hsk official website,General / informational,HSK tools,hsk o*,PK,Google Autocomplete 2026-10-05
hsk one,General / informational,HSK tools,hsk o*,PK,Google Autocomplete 2026-10-05
hsk one pdf,Template / download,HSK tools,hsk o*,PK,Google Autocomplete 2026-10-05
hsk online,General / informational,HSK tools,hsk online,PK,Google Autocomplete 2026-10-05
hsk online app,General / informational,HSK tools,hsk online,PK,Google Autocomplete 2026-10-05
hsk online book,General / informational,HSK tools,hsk online,PK,Google Autocomplete 2026-10-05
hsk online course,General / informational,HSK tools,hsk online,PK,Google Autocomplete 2026-10-05
hsk online course free,General / informational,HSK tools,hsk online,PK,Google Autocomplete 2026-10-05
hsk online exam,General / informational,HSK tools,hsk online,PK,Google Autocomplete 2026-10-05
hsk online registration,Login / portal (navigational),HSK tools,hsk online,PK,Google Autocomplete 2026-10-05
hsk online test,General / informational,HSK tools,hsk online,PK,Google Autocomplete 2026-10-05
hsk online test free,General / informational,HSK tools,hsk online,PK,Google Autocomplete 2026-10-05
hsk online test registration,Login / portal (navigational),HSK tools,hsk online,PK,Google Autocomplete 2026-10-05
hsk ophthalmology,General / informational,HSK tools,hsk o*,PK,Google Autocomplete 2026-10-05
hsk pakistan,General / informational,HSK tools,hsk p*,PK,Google Autocomplete 2026-10-05
hsk paper test,General / informational,HSK tools,hsk p*,PK,Google Autocomplete 2026-10-05
hsk passing score,General / informational,HSK tools,hsk eligibility,PK,Google Autocomplete 2026-10-05
hsk past papers,General / informational,HSK tools,hsk p*,PK,Google Autocomplete 2026-10-05
hsk past papers pdf,Template / download,HSK tools,hsk p*,PK,Google Autocomplete 2026-10-05
hsk pdf 1,Template / download,HSK tools,hsk pdf,PK,Google Autocomplete 2026-10-05
hsk pdf 3.0,Template / download,HSK tools,hsk pdf,PK,Google Autocomplete 2026-10-05
hsk pdf 4,Template / download,HSK tools,hsk pdf,PK,Google Autocomplete 2026-10-05
hsk pdf list,Template / download,HSK tools,hsk pdf,PK,Google Autocomplete 2026-10-05
hsk pdf online,Template / download,HSK tools,hsk pdf,PK,Google Autocomplete 2026-10-05
hsk pdf textbook,Template / download,HSK tools,hsk pdf,PK,Google Autocomplete 2026-10-05
hsk portal,Login / portal (navigational),HSK tools,hsk p*,PK,Google Autocomplete 2026-10-05
hsk portal login,Login / portal (navigational),HSK tools,hsk p*,PK,Google Autocomplete 2026-10-05
hsk practice test,General / informational,HSK tools,hsk p*,PK,Google Autocomplete 2026-10-05
hsk preparation,General / informational,HSK tools,hsk p*,PK,Google Autocomplete 2026-10-05
hsk preparation course,General / informational,HSK tools,hsk p*,PK,Google Autocomplete 2026-10-05
hsk pro,General / informational,HSK tools,hsk p*,PK,Google Autocomplete 2026-10-05
hsk q,General / informational,HSK tools,hsk q*,PK,Google Autocomplete 2026-10-05
hsk qkt,General / informational,HSK tools,hsk q*,PK,Google Autocomplete 2026-10-05
hsk qualification,General / informational,HSK tools,hsk q*,PK,Google Autocomplete 2026-10-05
hsk que es,General / informational,HSK tools,hsk q*,PK,Google Autocomplete 2026-10-05
hsk question paper,General / informational,HSK tools,hsk q*,PK,Google Autocomplete 2026-10-05
hsk questions,General / informational,HSK tools,hsk q*,PK,Google Autocomplete 2026-10-05
hsk quick test,General / informational,HSK tools,hsk q*,PK,Google Autocomplete 2026-10-05
hsk quiz,General / informational,HSK tools,hsk q*,PK,Google Autocomplete 2026-10-05
hsk quizlet,General / informational,HSK tools,hsk q*,PK,Google Autocomplete 2026-10-05
hsk quy đổi điểm,General / informational,HSK tools,hsk q*,PK,Google Autocomplete 2026-10-05
hsk reading,General / informational,HSK tools,hsk r*,PK,Google Autocomplete 2026-10-05
hsk registration,Login / portal (navigational),HSK tools,hsk r*,PK,Google Autocomplete 2026-10-05
hsk registration 2026,Login / portal (navigational),HSK tools,hsk r*,PK,Google Autocomplete 2026-10-05
hsk restaurant,General / informational,HSK tools,hsk r*,PK,Google Autocomplete 2026-10-05
hsk result,General / informational,HSK tools,hsk r*,PK,Google Autocomplete 2026-10-05
hsk result check,Tool: checker / eligibility,HSK tools,hsk r*,PK,Google Autocomplete 2026-10-05
hsk result check online,Tool: checker / eligibility,HSK tools,hsk r*,PK,Google Autocomplete 2026-10-05
hsk result date,General / informational,HSK tools,hsk r*,PK,Google Autocomplete 2026-10-05
hsk results 2026,General / informational,HSK tools,hsk r*,PK,Google Autocomplete 2026-10-05
hsk sample,Template / download,HSK tools,hsk sample,PK,Google Autocomplete 2026-10-05
hsk sample paper,Template / download,HSK tools,hsk sample,PK,Google Autocomplete 2026-10-05
hsk sample questions,Template / download,HSK tools,hsk sample,PK,Google Autocomplete 2026-10-05
hsk sample test,Template / download,HSK tools,hsk sample,PK,Google Autocomplete 2026-10-05
hsk sample test 1,Template / download,HSK tools,hsk sample,PK,Google Autocomplete 2026-10-05
hsk sample test pdf,Template / download,HSK tools,hsk sample,PK,Google Autocomplete 2026-10-05
hsk scholarship,General / informational,HSK tools,hsk s*,PK,Google Autocomplete 2026-10-05
hsk scholarship 2026,General / informational,HSK tools,hsk s*,PK,Google Autocomplete 2026-10-05
hsk score,General / informational,HSK tools,hsk s*,PK,Google Autocomplete 2026-10-05
hsk score calculator,Tool: calculator / converter,HSK tools,hsk calculator,PK,Google Autocomplete 2026-10-05
hsk score check,Tool: checker / eligibility,HSK tools,hsk checker,PK,Google Autocomplete 2026-10-05
hsk standard course,General / informational,HSK tools,hsk s*,PK,Google Autocomplete 2026-10-05
hsk standard course 1,General / informational,HSK tools,hsk s*,PK,Google Autocomplete 2026-10-05
hsk standard course 1 pdf,Template / download,HSK tools,hsk s*,PK,Google Autocomplete 2026-10-05
hsk stands for,General / informational,HSK tools,hsk,PK,Google Autocomplete 2026-10-05
hsk store,General / informational,HSK tools,hsk s*,PK,Google Autocomplete 2026-10-05
hsk studio,General / informational,HSK tools,hsk s*,PK,Google Autocomplete 2026-10-05
hsk surgical ltd,General / informational,HSK tools,hsk s*,PK,Google Autocomplete 2026-10-05
hsk template,Template / download,HSK tools,hsk template,PK,Google Autocomplete 2026-10-05
hsk test,General / informational,HSK tools,hsk,PK,Google Autocomplete 2026-10-05
hsk test 2027,General / informational,HSK tools,hsk 2027,PK,Google Autocomplete 2026-10-05
hsk test calculator,Tool: calculator / converter,HSK tools,hsk calculator,PK,Google Autocomplete 2026-10-05
hsk test centers in pakistan,General / informational,HSK tools,hsk test,PK,Google Autocomplete 2026-10-05
hsk test in pakistan,General / informational,HSK tools,hsk test,PK,Google Autocomplete 2026-10-05
hsk test in pakistan 2025,General / informational,HSK tools,hsk exam in pakistan,PK,Google Autocomplete 2026-10-05
hsk test in pakistan 2026,General / informational,HSK tools,hsk exam in pakistan,PK,Google Autocomplete 2026-10-05
hsk test online,General / informational,HSK tools,hsk test,PK,Google Autocomplete 2026-10-05
hsk test online free,General / informational,HSK tools,hsk test,PK,Google Autocomplete 2026-10-05
hsk test registration,Login / portal (navigational),HSK tools,hsk test,PK,Google Autocomplete 2026-10-05
hsk test registration in pakistan,Login / portal (navigational),HSK tools,hsk exam in pakistan,PK,Google Autocomplete 2026-10-05
hsk test result,General / informational,HSK tools,hsk test,PK,Google Autocomplete 2026-10-05
hsk tower,General / informational,HSK tools,hsk t*,PK,Google Autocomplete 2026-10-05
hsk university,General / informational,HSK tools,hsk u*,PK,Google Autocomplete 2026-10-05
hsk university app,General / informational,HSK tools,hsk u*,PK,Google Autocomplete 2026-10-05
hsk university app download,Template / download,HSK tools,hsk u*,PK,Google Autocomplete 2026-10-05
hsk university free,General / informational,HSK tools,hsk u*,PK,Google Autocomplete 2026-10-05
hsk university myanmar,General / informational,HSK tools,hsk u*,PK,Google Autocomplete 2026-10-05
hsk university myanmar ambassador,General / informational,HSK tools,hsk u*,PK,Google Autocomplete 2026-10-05
hsk university reddit,General / informational,HSK tools,hsk u*,PK,Google Autocomplete 2026-10-05
hsk university website,General / informational,HSK tools,hsk u*,PK,Google Autocomplete 2026-10-05
hsk utrecht,General / informational,HSK tools,hsk u*,PK,Google Autocomplete 2026-10-05
hsk version 3.0,General / informational,HSK tools,hsk v*,PK,Google Autocomplete 2026-10-05
hsk vlogs,General / informational,HSK tools,hsk v*,PK,Google Autocomplete 2026-10-05
hsk vocab master in 10 days,General / informational,HSK tools,hsk v*,PK,Google Autocomplete 2026-10-05
hsk vocab test,General / informational,HSK tools,hsk v*,PK,Google Autocomplete 2026-10-05
hsk vocabulary,General / informational,HSK tools,hsk v*,PK,Google Autocomplete 2026-10-05
hsk vocabulary list,List / finder,HSK tools,hsk v*,PK,Google Autocomplete 2026-10-05
hsk vocabulary list pdf,Template / download,HSK tools,hsk v*,PK,Google Autocomplete 2026-10-05
hsk vocabulary pdf,Template / download,HSK tools,hsk v*,PK,Google Autocomplete 2026-10-05
hsk vs hskk,General / informational,HSK tools,hsk v*,PK,Google Autocomplete 2026-10-05
hsk vs tocfl,General / informational,HSK tools,hsk v*,PK,Google Autocomplete 2026-10-05
hsk ward,General / informational,HSK tools,hsk w*,PK,Google Autocomplete 2026-10-05
hsk ward group,General / informational,HSK tools,hsk w*,PK,Google Autocomplete 2026-10-05
hsk website,General / informational,HSK tools,hsk w*,PK,Google Autocomplete 2026-10-05
hsk website login,Login / portal (navigational),HSK tools,hsk w*,PK,Google Autocomplete 2026-10-05
hsk wiesbaden,General / informational,HSK tools,hsk w*,PK,Google Autocomplete 2026-10-05
hsk wikipedia,General / informational,HSK tools,hsk w*,PK,Google Autocomplete 2026-10-05
hsk word list,List / finder,HSK tools,hsk w*,PK,Google Autocomplete 2026-10-05
hsk words,General / informational,HSK tools,hsk w*,PK,Google Autocomplete 2026-10-05
hsk workbook,General / informational,HSK tools,hsk w*,PK,Google Autocomplete 2026-10-05
hsk workbook answers,General / informational,HSK tools,hsk w*,PK,Google Autocomplete 2026-10-05
hsk xanh lá,General / informational,HSK tools,hsk x*,PK,Google Autocomplete 2026-10-05
hsk xanh lá 1,General / informational,HSK tools,hsk x*,PK,Google Autocomplete 2026-10-05
hsk xanh lá 3,General / informational,HSK tools,hsk x*,PK,Google Autocomplete 2026-10-05
hsk xanh lá 4,General / informational,HSK tools,hsk x*,PK,Google Autocomplete 2026-10-05
hsk xanh lá 5,General / informational,HSK tools,hsk x*,PK,Google Autocomplete 2026-10-05
hsk xia,General / informational,HSK tools,hsk x*,PK,Google Autocomplete 2026-10-05
hsk xia 4,General / informational,HSK tools,hsk x*,PK,Google Autocomplete 2026-10-05
hsk xia pdf,Template / download,HSK tools,hsk x*,PK,Google Autocomplete 2026-10-05
hsk xia workbook,General / informational,HSK tools,hsk x*,PK,Google Autocomplete 2026-10-05
hsk xia workbook answer,General / informational,HSK tools,hsk x*,PK,Google Autocomplete 2026-10-05
hsk yangon,General / informational,HSK tools,hsk y*,PK,Google Autocomplete 2026-10-05
hsk yargı çevresi,General / informational,HSK tools,hsk y*,PK,Google Autocomplete 2026-10-05
hsk yaz kararnamesi,General / informational,HSK tools,hsk y*,PK,Google Autocomplete 2026-10-05
hsk ybh,General / informational,HSK tools,hsk y*,PK,Google Autocomplete 2026-10-05
hsk yct,General / informational,HSK tools,hsk y*,PK,Google Autocomplete 2026-10-05
hsk yenga,General / informational,HSK tools,hsk y*,PK,Google Autocomplete 2026-10-05
hsk yetki,General / informational,HSK tools,hsk y*,PK,Google Autocomplete 2026-10-05
hsk yetki kararnamesi,General / informational,HSK tools,hsk y*,PK,Google Autocomplete 2026-10-05
hsk youtube,General / informational,HSK tools,hsk y*,PK,Google Autocomplete 2026-10-05
hsk zero to hero,General / informational,HSK tools,hsk z*,PK,Google Autocomplete 2026-10-05
hsk zri,General / informational,HSK tools,hsk z*,PK,Google Autocomplete 2026-10-05
hsk zrinjski,General / informational,HSK tools,hsk z*,PK,Google Autocomplete 2026-10-05
hsk zrinjski mostar,General / informational,HSK tools,hsk z*,PK,Google Autocomplete 2026-10-05
hsk zrinjski mostar fc,General / informational,HSK tools,hsk z*,PK,Google Autocomplete 2026-10-05
hsk zrinjski mostar last match,General / informational,HSK tools,hsk z*,PK,Google Autocomplete 2026-10-05
hsk zrinjski mostar results,General / informational,HSK tools,hsk z*,PK,Google Autocomplete 2026-10-05
hsk zrinjski mostar table,General / informational,HSK tools,hsk z*,PK,Google Autocomplete 2026-10-05
hsk zrinjski mostar vs,General / informational,HSK tools,hsk z*,PK,Google Autocomplete 2026-10-05
hsk zürich,General / informational,HSK tools,hsk z*,PK,Google Autocomplete 2026-10-05
jadwal hsk 2027,General / informational,HSK tools,hsk 2027,PK,Google Autocomplete 2026-10-05
notion hsk template,Template / download,HSK tools,hsk template,PK,Google Autocomplete 2026-10-05
online hsk sample test,Template / download,HSK tools,hsk sample,PK,Google Autocomplete 2026-10-05
sample hsk 2 test,Template / download,HSK tools,hsk sample,PK,Google Autocomplete 2026-10-05
sample hsk 3 test,Template / download,HSK tools,hsk sample,PK,Google Autocomplete 2026-10-05
sample hsk 5 test,Template / download,HSK tools,hsk sample,PK,Google Autocomplete 2026-10-05
study in china hsk,General / informational,HSK tools,study in china h*,PK,Google Autocomplete 2026-10-05
thi hsk 2027,General / informational,HSK tools,hsk 2027,PK,Google Autocomplete 2026-10-05
ujian hsk 2027,General / informational,HSK tools,hsk 2027,PK,Google Autocomplete 2026-10-05
what is hsk 1,Question (blog/FAQ),HSK tools,hsk template,PK,Google Autocomplete 2026-10-05
what is hsk test,Question (blog/FAQ),HSK tools,hsk checker,PK,Google Autocomplete 2026-10-05
after mbbs in china,General / informational,MBBS comparison,mbbs in china a*,PK,Google Autocomplete 2026-10-05
best mbbs in china,General / informational,MBBS comparison,mbbs in china b*,PK,Google Autocomplete 2026-10-05
china scholarship for mbbs,General / informational,MBBS comparison,china scholarship f*,PK,Google Autocomplete 2026-10-05
china scholarship for pakistani students for mbbs,General / informational,MBBS comparison,china scholarship for pakistani students,PK,Google Autocomplete 2026-10-05
china scholarship mbbs,General / informational,MBBS comparison,china scholarship m*,PK,Google Autocomplete 2026-10-05
csc scholarship for mbbs,General / informational,MBBS comparison,csc scholarship f*,PK,Google Autocomplete 2026-10-05
csc scholarship for mbbs in china,General / informational,MBBS comparison,csc scholarship f*,PK,Google Autocomplete 2026-10-05
csc scholarship mbbs,General / informational,MBBS comparison,csc scholarship m*,PK,Google Autocomplete 2026-10-05
doing mbbs in china,General / informational,MBBS comparison,mbbs in china d*,PK,Google Autocomplete 2026-10-05
duration of mbbs in china,General / informational,MBBS comparison,mbbs in china o*,PK,Google Autocomplete 2026-10-05
fully funded scholarship for mbbs in china 2026,General / informational,MBBS comparison,mbbs in china 2026,PK,Google Autocomplete 2026-10-05
fully funded scholarship in china for mbbs,General / informational,MBBS comparison,fully funded scholarship in china,PK,Google Autocomplete 2026-10-05
hec scholarship for mbbs in china,General / informational,MBBS comparison,mbbs in china h*,PK,Google Autocomplete 2026-10-05
how is mbbs in china,Question (blog/FAQ),MBBS comparison,mbbs in china form,PK,Google Autocomplete 2026-10-05
how long mbbs in china,Question (blog/FAQ),MBBS comparison,mbbs in china h*,PK,Google Autocomplete 2026-10-05
how to apply for mbbs in china,Question (blog/FAQ),MBBS comparison,mbbs in china form,PK,Google Autocomplete 2026-10-05
how to apply mbbs in china,Question (blog/FAQ),MBBS comparison,mbbs in china h*,PK,Google Autocomplete 2026-10-05
how to do mbbs in china,Question (blog/FAQ),MBBS comparison,mbbs in china h*,PK,Google Autocomplete 2026-10-05
how to get mbbs in china,Question (blog/FAQ),MBBS comparison,mbbs in china g*,PK,Google Autocomplete 2026-10-05
how to join mbbs in china,Question (blog/FAQ),MBBS comparison,mbbs in china j*,PK,Google Autocomplete 2026-10-05
how to study mbbs in china,Question (blog/FAQ),MBBS comparison,mbbs in china universities list,PK,Google Autocomplete 2026-10-05
how to study mbbs in china for free,Question (blog/FAQ),MBBS comparison,mbbs in china h*,PK,Google Autocomplete 2026-10-05
how to study mbbs in china for indian students,Question (blog/FAQ),MBBS comparison,mbbs in china h*,PK,Google Autocomplete 2026-10-05
is mbbs in china better than india,Question (blog/FAQ),MBBS comparison,mbbs in china b*,PK,Google Autocomplete 2026-10-05
is mbbs in china better than pakistan,Question (blog/FAQ),MBBS comparison,mbbs in china b*,PK,Google Autocomplete 2026-10-05
is mbbs in china easy,Question (blog/FAQ),MBBS comparison,mbbs in china e*,PK,Google Autocomplete 2026-10-05
is mbbs in china good,Question (blog/FAQ),MBBS comparison,mbbs in china universities list,PK,Google Autocomplete 2026-10-05
is mbbs in china good for indian students,Question (blog/FAQ),MBBS comparison,mbbs in china g*,PK,Google Autocomplete 2026-10-05
is mbbs in china taught in english,Question (blog/FAQ),MBBS comparison,mbbs in china t*,PK,Google Autocomplete 2026-10-05
is mbbs in china worth it,Question (blog/FAQ),MBBS comparison,mbbs in china sample,PK,Google Autocomplete 2026-10-05
is mbbs in china worth it reddit,Question (blog/FAQ),MBBS comparison,mbbs in china w*,PK,Google Autocomplete 2026-10-05
mbbs admission in china 2025,General / informational,MBBS comparison,mbbs in china a*,PK,Google Autocomplete 2026-10-05
mbbs admission in china 2026,General / informational,MBBS comparison,mbbs in china 2026,PK,Google Autocomplete 2026-10-05
mbbs china english taught,General / informational,MBBS comparison,mbbs in china e*,PK,Google Autocomplete 2026-10-05
mbbs china medical university,General / informational,MBBS comparison,mbbs in china m*,PK,Google Autocomplete 2026-10-05
mbbs chinese name,General / informational,MBBS comparison,mbbs in china n*,PK,Google Autocomplete 2026-10-05
mbbs degree china,General / informational,MBBS comparison,mbbs in china d*,PK,Google Autocomplete 2026-10-05
mbbs degree from china valid in canada,General / informational,MBBS comparison,mbbs in china v*,PK,Google Autocomplete 2026-10-05
mbbs degree name in china,General / informational,MBBS comparison,mbbs in china n*,PK,Google Autocomplete 2026-10-05
mbbs doctor in china,General / informational,MBBS comparison,mbbs in china d*,PK,Google Autocomplete 2026-10-05
mbbs doctor jobs in china,General / informational,MBBS comparison,mbbs in china d*,PK,Google Autocomplete 2026-10-05
mbbs doctor salary in china,General / informational,MBBS comparison,mbbs in china d*,PK,Google Autocomplete 2026-10-05
mbbs doctor salary in china per month,General / informational,MBBS comparison,mbbs in china d*,PK,Google Autocomplete 2026-10-05
mbbs full form in china,Template / download,MBBS comparison,mbbs in china form,PK,Google Autocomplete 2026-10-05
mbbs graduate salary in china,General / informational,MBBS comparison,mbbs in china g*,PK,Google Autocomplete 2026-10-05
mbbs in china,General / informational,MBBS comparison,mbbs in china,PK,Google Autocomplete 2026-10-05
mbbs in china 2026,General / informational,MBBS comparison,mbbs in china,PK,Google Autocomplete 2026-10-05
mbbs in china admission,General / informational,MBBS comparison,mbbs in china a*,PK,Google Autocomplete 2026-10-05
mbbs in china age limit,General / informational,MBBS comparison,mbbs in china a*,PK,Google Autocomplete 2026-10-05
mbbs in china apply,General / informational,MBBS comparison,mbbs in china a*,PK,Google Autocomplete 2026-10-05
mbbs in china apply online,Login / portal (navigational),MBBS comparison,mbbs in china online,PK,Google Autocomplete 2026-10-05
mbbs in china budget,General / informational,MBBS comparison,mbbs in china b*,PK,Google Autocomplete 2026-10-05
mbbs in china called,General / informational,MBBS comparison,mbbs in china c*,PK,Google Autocomplete 2026-10-05
mbbs in china colleges,General / informational,MBBS comparison,mbbs in china c*,PK,Google Autocomplete 2026-10-05
mbbs in china consultant in islamabad,General / informational,MBBS comparison,mbbs in china c*,PK,Google Autocomplete 2026-10-05
mbbs in china consultants,General / informational,MBBS comparison,mbbs in china,PK,Google Autocomplete 2026-10-05
mbbs in china consultants lahore,General / informational,MBBS comparison,mbbs in china c*,PK,Google Autocomplete 2026-10-05
mbbs in china course duration,General / informational,MBBS comparison,mbbs in china c*,PK,Google Autocomplete 2026-10-05
mbbs in china csc,General / informational,MBBS comparison,mbbs in china c*,PK,Google Autocomplete 2026-10-05
mbbs in china duration,General / informational,MBBS comparison,mbbs in china 2026,PK,Google Autocomplete 2026-10-05
mbbs in china english,General / informational,MBBS comparison,mbbs in china e*,PK,Google Autocomplete 2026-10-05
mbbs in china english medium,General / informational,MBBS comparison,mbbs in china e*,PK,Google Autocomplete 2026-10-05
mbbs in china for australian students,General / informational,MBBS comparison,mbbs in china a*,PK,Google Autocomplete 2026-10-05
mbbs in china for bangladeshi students,General / informational,MBBS comparison,mbbs in china b*,PK,Google Autocomplete 2026-10-05
mbbs in china for indian students,General / informational,MBBS comparison,mbbs in china i*,PK,Google Autocomplete 2026-10-05
mbbs in china for indian students duration,General / informational,MBBS comparison,mbbs in china d*,PK,Google Autocomplete 2026-10-05
mbbs in china for indian students quora,General / informational,MBBS comparison,mbbs in china q*,PK,Google Autocomplete 2026-10-05
mbbs in china for indian students scholarship,General / informational,MBBS comparison,mbbs in china i*,PK,Google Autocomplete 2026-10-05
mbbs in china for international students,General / informational,MBBS comparison,mbbs in china f*,PK,Google Autocomplete 2026-10-05
mbbs in china for nepali students,General / informational,MBBS comparison,mbbs in china n*,PK,Google Autocomplete 2026-10-05
mbbs in china for pakistani,General / informational,MBBS comparison,mbbs in china p*,PK,Google Autocomplete 2026-10-05
mbbs in china for pakistani students,General / informational,MBBS comparison,mbbs in china,PK,Google Autocomplete 2026-10-05
mbbs in china for pakistani students 2025,General / informational,MBBS comparison,mbbs in china for pakistani students,PK,Google Autocomplete 2026-10-05
mbbs in china for pakistani students 2026,General / informational,MBBS comparison,mbbs in china 2026,PK,Google Autocomplete 2026-10-05
mbbs in china for pakistani students scholarship,General / informational,MBBS comparison,mbbs in china,PK,Google Autocomplete 2026-10-05
mbbs in china for sri lankan students,General / informational,MBBS comparison,mbbs in china l*,PK,Google Autocomplete 2026-10-05
mbbs in china from bangladesh,General / informational,MBBS comparison,mbbs in china form,PK,Google Autocomplete 2026-10-05
mbbs in china from india,General / informational,MBBS comparison,mbbs in china form,PK,Google Autocomplete 2026-10-05
mbbs in china from nepal,General / informational,MBBS comparison,mbbs in china form,PK,Google Autocomplete 2026-10-05
mbbs in china from pakistan,General / informational,MBBS comparison,mbbs in china form,PK,Google Autocomplete 2026-10-05
mbbs in china fully funded scholarship,General / informational,MBBS comparison,mbbs in china f*,PK,Google Autocomplete 2026-10-05
mbbs in china guide,General / informational,MBBS comparison,mbbs in china g*,PK,Google Autocomplete 2026-10-05
mbbs in china how many years,General / informational,MBBS comparison,mbbs in china h*,PK,Google Autocomplete 2026-10-05
mbbs in china in english,General / informational,MBBS comparison,mbbs in china i*,PK,Google Autocomplete 2026-10-05
mbbs in china is called,General / informational,MBBS comparison,mbbs in china i*,PK,Google Autocomplete 2026-10-05
mbbs in china is good,General / informational,MBBS comparison,mbbs in china i*,PK,Google Autocomplete 2026-10-05
mbbs in china is good or bad,General / informational,MBBS comparison,mbbs in china b*,PK,Google Autocomplete 2026-10-05
mbbs in china language,General / informational,MBBS comparison,mbbs in china l*,PK,Google Autocomplete 2026-10-05
mbbs in china march 2026,General / informational,MBBS comparison,mbbs in china 2026,PK,Google Autocomplete 2026-10-05
mbbs in china march 2026 intake,General / informational,MBBS comparison,mbbs in china 2026,PK,Google Autocomplete 2026-10-05
mbbs in china march intake,General / informational,MBBS comparison,mbbs in china i*,PK,Google Autocomplete 2026-10-05
mbbs in china march intake 2026,General / informational,MBBS comparison,mbbs in china m*,PK,Google Autocomplete 2026-10-05
mbbs in china meaning,General / informational,MBBS comparison,mbbs in china m*,PK,Google Autocomplete 2026-10-05
mbbs in china merit,General / informational,MBBS comparison,mbbs in china m*,PK,Google Autocomplete 2026-10-05
mbbs in china multan,General / informational,MBBS comparison,mbbs in china m*,PK,Google Autocomplete 2026-10-05
mbbs in china on scholarship,General / informational,MBBS comparison,mbbs in china o*,PK,Google Autocomplete 2026-10-05
mbbs in china or russia,General / informational,MBBS comparison,mbbs in china o*,PK,Google Autocomplete 2026-10-05
mbbs in china or russia which is better,General / informational,MBBS comparison,mbbs in china o*,PK,Google Autocomplete 2026-10-05
mbbs in china pakistan,General / informational,MBBS comparison,mbbs in china p*,PK,Google Autocomplete 2026-10-05
mbbs in china quora,General / informational,MBBS comparison,mbbs in china q*,PK,Google Autocomplete 2026-10-05
mbbs in china reality,General / informational,MBBS comparison,mbbs in china r*,PK,Google Autocomplete 2026-10-05
mbbs in china reddit,General / informational,MBBS comparison,mbbs in china r*,PK,Google Autocomplete 2026-10-05
mbbs in china salary,General / informational,MBBS comparison,mbbs in china s*,PK,Google Autocomplete 2026-10-05
mbbs in china scholarship,General / informational,MBBS comparison,mbbs in china,PK,Google Autocomplete 2026-10-05
mbbs in china scholarship for indian students,General / informational,MBBS comparison,mbbs in china s*,PK,Google Autocomplete 2026-10-05
mbbs in china scholarship for pakistani students,General / informational,MBBS comparison,mbbs in china s*,PK,Google Autocomplete 2026-10-05
mbbs in china september intake,General / informational,MBBS comparison,mbbs in china s*,PK,Google Autocomplete 2026-10-05
mbbs in china shanghai,General / informational,MBBS comparison,mbbs in china s*,PK,Google Autocomplete 2026-10-05
mbbs in china spring intake,General / informational,MBBS comparison,mbbs in china s*,PK,Google Autocomplete 2026-10-05
mbbs in china syllabus,General / informational,MBBS comparison,mbbs in china s*,PK,Google Autocomplete 2026-10-05
mbbs in china three gorges university,General / informational,MBBS comparison,mbbs in china g*,PK,Google Autocomplete 2026-10-05
mbbs in china top universities,General / informational,MBBS comparison,mbbs in china t*,PK,Google Autocomplete 2026-10-05
mbbs in china total years,General / informational,MBBS comparison,mbbs in china t*,PK,Google Autocomplete 2026-10-05
mbbs in china universities,General / informational,MBBS comparison,mbbs in china u*,PK,Google Autocomplete 2026-10-05
mbbs in china university name,General / informational,MBBS comparison,mbbs in china n*,PK,Google Autocomplete 2026-10-05
mbbs in china valid in india,General / informational,MBBS comparison,mbbs in china v*,PK,Google Autocomplete 2026-10-05
mbbs in china vs georgia,General / informational,MBBS comparison,mbbs in china g*,PK,Google Autocomplete 2026-10-05
mbbs in china vs india,General / informational,MBBS comparison,mbbs in china v*,PK,Google Autocomplete 2026-10-05
mbbs in china vs kyrgyzstan,General / informational,MBBS comparison,mbbs in china k*,PK,Google Autocomplete 2026-10-05
mbbs in china vs pakistan,General / informational,MBBS comparison,mbbs in china v*,PK,Google Autocomplete 2026-10-05
mbbs in china vs russia,General / informational,MBBS comparison,mbbs in china r*,PK,Google Autocomplete 2026-10-05
mbbs in china with scholarship,General / informational,MBBS comparison,mbbs in china w*,PK,Google Autocomplete 2026-10-05
mbbs in china without csca,General / informational,MBBS comparison,mbbs in china w*,PK,Google Autocomplete 2026-10-05
mbbs in china without csca exam,General / informational,MBBS comparison,mbbs in china e*,PK,Google Autocomplete 2026-10-05
mbbs in china worth it,General / informational,MBBS comparison,mbbs in china w*,PK,Google Autocomplete 2026-10-05
mbbs in chinese language,General / informational,MBBS comparison,mbbs in china l*,PK,Google Autocomplete 2026-10-05
mbbs in peking university china,General / informational,MBBS comparison,mbbs in china u*,PK,Google Autocomplete 2026-10-05
mbbs jobs in china,General / informational,MBBS comparison,mbbs in china j*,PK,Google Autocomplete 2026-10-05
mbbs of china,General / informational,MBBS comparison,mbbs in china o*,PK,Google Autocomplete 2026-10-05
mbbs program in china in english,General / informational,MBBS comparison,mbbs in china e*,PK,Google Autocomplete 2026-10-05
mbbs program in china university,General / informational,MBBS comparison,mbbs in china u*,PK,Google Autocomplete 2026-10-05
mbbs programs in china university in english,General / informational,MBBS comparison,mbbs in china u*,PK,Google Autocomplete 2026-10-05
mbbs scholarship in china for bangladeshi students,General / informational,MBBS comparison,mbbs in china b*,PK,Google Autocomplete 2026-10-05
mbbs scholarship in china for nepalese students,General / informational,MBBS comparison,mbbs in china n*,PK,Google Autocomplete 2026-10-05
mbbs syllabus in china pdf,Template / download,MBBS comparison,mbbs in china pdf,PK,Google Autocomplete 2026-10-05
mbbs teaching jobs in china,General / informational,MBBS comparison,mbbs in china j*,PK,Google Autocomplete 2026-10-05
online mbbs in china,General / informational,MBBS comparison,mbbs in china online,PK,Google Autocomplete 2026-10-05
post graduation after mbbs in china,General / informational,MBBS comparison,mbbs in china g*,PK,Google Autocomplete 2026-10-05
study in china mbbs,General / informational,MBBS comparison,study in china m*,PK,Google Autocomplete 2026-10-05
study mbbs in china,General / informational,MBBS comparison,mbbs in china s*,PK,Google Autocomplete 2026-10-05
study mbbs in china 2026,General / informational,MBBS comparison,study in china 2026,PK,Google Autocomplete 2026-10-05
study mbbs in china for pakistani students,General / informational,MBBS comparison,study in china for pakistani students,PK,Google Autocomplete 2026-10-05
top mbbs in china,General / informational,MBBS comparison,mbbs in china t*,PK,Google Autocomplete 2026-10-05
what is mbbs called in china,Question (blog/FAQ),MBBS comparison,mbbs in china form,PK,Google Autocomplete 2026-10-05
china scholarship recommendation letter,General / informational,Study plan / letter templates,china scholarship r*,PK,Google Autocomplete 2026-10-05
china scholarship study plan,General / informational,Study plan / letter templates,china scholarship s*,PK,Google Autocomplete 2026-10-05
csc scholarship cv template,Template / download,Study plan / letter templates,csc scholarship template,PK,Google Autocomplete 2026-10-05
csc scholarship email sample,Template / download,Study plan / letter templates,csc scholarship sample,PK,Google Autocomplete 2026-10-05
csc scholarship recommendation letter sample,Template / download,Study plan / letter templates,csc scholarship sample,PK,Google Autocomplete 2026-10-05
csc scholarship research proposal sample,Template / download,Study plan / letter templates,csc scholarship sample,PK,Google Autocomplete 2026-10-05
csc scholarship study plan sample,Template / download,Study plan / letter templates,csc scholarship sample,PK,Google Autocomplete 2026-10-05
csc scholarship study plan template,Template / download,Study plan / letter templates,csc scholarship template,PK,Google Autocomplete 2026-10-05
how to write a letter of recommendation for a scholarship,Question (blog/FAQ),Study plan / letter templates,recommendation letter for csc scholarship,PK,Google Autocomplete 2026-10-05
recommendation letter for china scholarship,General / informational,Study plan / letter templates,recommendation letter for csc scholarship,PK,Google Autocomplete 2026-10-05
recommendation letter for chinese government scholarship,General / informational,Study plan / letter templates,recommendation letter for csc scholarship,PK,Google Autocomplete 2026-10-05
recommendation letter for csc scholarship,General / informational,Study plan / letter templates,recommendation letter for csc scholarship,PK,Google Autocomplete 2026-10-05
recommendation letter for csc scholarship pdf,Template / download,Study plan / letter templates,recommendation letter for csc scholarship,PK,Google Autocomplete 2026-10-05
recommendation letter sample for csc scholarship,Template / download,Study plan / letter templates,recommendation letter for csc scholarship,PK,Google Autocomplete 2026-10-05
study plan china scholarship sample,Template / download,Study plan / letter templates,china scholarship sample,PK,Google Autocomplete 2026-10-05
study plan china template,Template / download,Study plan / letter templates,study in china template,PK,Google Autocomplete 2026-10-05
study plan for china scholarship,General / informational,Study plan / letter templates,study plan for csc scholarship,PK,Google Autocomplete 2026-10-05
study plan for china scholarship pdf,Template / download,Study plan / letter templates,study plan for csc scholarship,PK,Google Autocomplete 2026-10-05
study plan for china scholarship sample,Template / download,Study plan / letter templates,study plan for csc scholarship,PK,Google Autocomplete 2026-10-05
study plan for csc scholarship,General / informational,Study plan / letter templates,study plan for csc scholarship,PK,Google Autocomplete 2026-10-05
study plan for csc scholarship masters,General / informational,Study plan / letter templates,study plan for csc scholarship,PK,Google Autocomplete 2026-10-05
study plan for csc scholarship pdf,Template / download,Study plan / letter templates,study plan for csc scholarship,PK,Google Autocomplete 2026-10-05
study plan for csc scholarship phd,General / informational,Study plan / letter templates,study plan for csc scholarship,PK,Google Autocomplete 2026-10-05
study plan for csc scholarship sample,Template / download,Study plan / letter templates,study plan for csc scholarship,PK,Google Autocomplete 2026-10-05
study plan for csc scholarship template,Template / download,Study plan / letter templates,study plan for csc scholarship,PK,Google Autocomplete 2026-10-05
study plan for csc scholarship undergraduate,General / informational,Study plan / letter templates,study plan for csc scholarship,PK,Google Autocomplete 2026-10-05
study plan for master degree in china sample,Template / download,Study plan / letter templates,study in china sample,PK,Google Autocomplete 2026-10-05
study plan for mbbs in china sample,Template / download,Study plan / letter templates,study in china sample,PK,Google Autocomplete 2026-10-05
study plan for phd scholarship in china pdf,Template / download,Study plan / letter templates,study in china pdf,PK,Google Autocomplete 2026-10-05
study plan for scholarship in china pdf,Template / download,Study plan / letter templates,study in china pdf,PK,Google Autocomplete 2026-10-05
study plan in china sample,Template / download,Study plan / letter templates,study in china sample,PK,Google Autocomplete 2026-10-05
study plan in china sample pdf,Template / download,Study plan / letter templates,study in china pdf,PK,Google Autocomplete 2026-10-05
study plan sample for scholarship in china pdf,Template / download,Study plan / letter templates,study in china pdf,PK,Google Autocomplete 2026-10-05
what is recommendation letter for scholarship,Question (blog/FAQ),Study plan / letter templates,recommendation letter for csc scholarship,PK,Google Autocomplete 2026-10-05
who should write a letter of recommendation for scholarship,Question (blog/FAQ),Study plan / letter templates,recommendation letter for csc scholarship,PK,Google Autocomplete 2026-10-05
best universities in china for business,List / finder,University & scholarship finder,best universities in china for,PK,Google Autocomplete 2026-10-05
best universities in china for computer science,List / finder,University & scholarship finder,best universities in china for,PK,Google Autocomplete 2026-10-05
best universities in china for cyber security,List / finder,University & scholarship finder,best universities in china for,PK,Google Autocomplete 2026-10-05
best universities in china for engineering,List / finder,University & scholarship finder,best universities in china for,PK,Google Autocomplete 2026-10-05
best universities in china for international students,List / finder,University & scholarship finder,best universities in china for,PK,Google Autocomplete 2026-10-05
best universities in china for international students with scholarship,List / finder,University & scholarship finder,best universities in china for,PK,Google Autocomplete 2026-10-05
best universities in china for masters in computer science,List / finder,University & scholarship finder,best universities in china for,PK,Google Autocomplete 2026-10-05
best universities in china for mbbs,List / finder,University & scholarship finder,best universities in china for,PK,Google Autocomplete 2026-10-05
best universities in china for medicine,List / finder,University & scholarship finder,best universities in china for,PK,Google Autocomplete 2026-10-05
best universities in china for pakistani students,List / finder,University & scholarship finder,best universities in china for,PK,Google Autocomplete 2026-10-05
china 985 university list,List / finder,University & scholarship finder,china university list,PK,Google Autocomplete 2026-10-05
china government scholarship universities list,List / finder,University & scholarship finder,china scholarship list,PK,Google Autocomplete 2026-10-05
china mbbs university list,List / finder,University & scholarship finder,mbbs in china universities list,PK,Google Autocomplete 2026-10-05
china scholarship agency number,Agency number,University & scholarship finder,csc scholarship agency number,PK,Google Autocomplete 2026-10-05
china scholarship council agency number,Agency number,University & scholarship finder,csc scholarship agency number,PK,Google Autocomplete 2026-10-05
china scholarship council universities list,List / finder,University & scholarship finder,china scholarship list,PK,Google Autocomplete 2026-10-05
china scholarship university list,List / finder,University & scholarship finder,csc scholarship university list,PK,Google Autocomplete 2026-10-05
china university list,List / finder,University & scholarship finder,china university list,PK,Google Autocomplete 2026-10-05
china university list for bangladeshi students,List / finder,University & scholarship finder,china university list,PK,Google Autocomplete 2026-10-05
china university list for international students,List / finder,University & scholarship finder,china university list,PK,Google Autocomplete 2026-10-05
china university list for international students undergraduate,List / finder,University & scholarship finder,china university list,PK,Google Autocomplete 2026-10-05
china university list for scholarship,List / finder,University & scholarship finder,china university list,PK,Google Autocomplete 2026-10-05
china university list pdf,Template / download,University & scholarship finder,china university list,PK,Google Autocomplete 2026-10-05
china university list under csc,List / finder,University & scholarship finder,china university list,PK,Google Autocomplete 2026-10-05
chinese government scholarship agency no 10699,Agency number,University & scholarship finder,csc scholarship agency number,PK,Google Autocomplete 2026-10-05
chinese government scholarship agency number,Agency number,University & scholarship finder,csc scholarship agency number,PK,Google Autocomplete 2026-10-05
chinese government scholarship list of universities,List / finder,University & scholarship finder,csc scholarship list,PK,Google Autocomplete 2026-10-05
chinese government scholarship university list,List / finder,University & scholarship finder,csc scholarship university list,PK,Google Autocomplete 2026-10-05
chinese university ranking,List / finder,University & scholarship finder,chinese university ranking,PK,Google Autocomplete 2026-10-05
chinese university ranking 2026,List / finder,University & scholarship finder,chinese university ranking,PK,Google Autocomplete 2026-10-05
chinese university ranking computer science,List / finder,University & scholarship finder,chinese university ranking,PK,Google Autocomplete 2026-10-05
chinese university ranking engineering,List / finder,University & scholarship finder,chinese university ranking,PK,Google Autocomplete 2026-10-05
chinese university ranking in china,List / finder,University & scholarship finder,chinese university ranking,PK,Google Autocomplete 2026-10-05
chinese university ranking in the world,List / finder,University & scholarship finder,chinese university ranking,PK,Google Autocomplete 2026-10-05
chinese university ranking list,List / finder,University & scholarship finder,chinese university ranking,PK,Google Autocomplete 2026-10-05
chinese university ranking system,List / finder,University & scholarship finder,chinese university ranking,PK,Google Autocomplete 2026-10-05
csc china scholarship universities list,List / finder,University & scholarship finder,china scholarship list,PK,Google Autocomplete 2026-10-05
csc scholarship 2026 universities list,List / finder,University & scholarship finder,csc scholarship 2026,PK,Google Autocomplete 2026-10-05
csc scholarship 2027 university list,List / finder,University & scholarship finder,csc scholarship 2027,PK,Google Autocomplete 2026-10-05
csc scholarship agency number,Agency number,University & scholarship finder,csc scholarship agency number,PK,Google Autocomplete 2026-10-05
csc scholarship list of universities,List / finder,University & scholarship finder,csc scholarship list,PK,Google Autocomplete 2026-10-05
csc scholarship type a agency number,Agency number,University & scholarship finder,csc scholarship agency number,PK,Google Autocomplete 2026-10-05
csc scholarship universities list 2025,List / finder,University & scholarship finder,csc scholarship list,PK,Google Autocomplete 2026-10-05
csc scholarship universities list 2025 pdf,Template / download,University & scholarship finder,csc scholarship university list,PK,Google Autocomplete 2026-10-05
csc scholarship universities list 2026,List / finder,University & scholarship finder,csc scholarship list,PK,Google Autocomplete 2026-10-05
csc scholarship universities list 2026 pdf,Template / download,University & scholarship finder,csc scholarship university list,PK,Google Autocomplete 2026-10-05
csc scholarship universities list pdf,Template / download,University & scholarship finder,csc scholarship university list,PK,Google Autocomplete 2026-10-05
csc scholarship university agency number,Agency number,University & scholarship finder,csc scholarship agency number,PK,Google Autocomplete 2026-10-05
csc scholarship university list,List / finder,University & scholarship finder,csc scholarship,PK,Google Autocomplete 2026-10-05
csc scholarship university list 2025,List / finder,University & scholarship finder,csc scholarship university list,PK,Google Autocomplete 2026-10-05
csc scholarship university list 2026,List / finder,University & scholarship finder,csc scholarship university list,PK,Google Autocomplete 2026-10-05
csc scholarship university list 2027,List / finder,University & scholarship finder,csc scholarship university list,PK,Google Autocomplete 2026-10-05
duolingo accepted universities in china,List / finder,University & scholarship finder,duolingo accepted universities in china,PK,Google Autocomplete 2026-10-05
duolingo accepting universities in usa,List / finder,University & scholarship finder,duolingo accepted universities in china,PK,Google Autocomplete 2026-10-05
duolingo test accepted universities in usa,List / finder,University & scholarship finder,duolingo accepted universities in china,PK,Google Autocomplete 2026-10-05
engineering universities in china for pakistani students,List / finder,University & scholarship finder,study in china for pakistani students,PK,Google Autocomplete 2026-10-05
how many medical universities in china,List / finder,University & scholarship finder,mbbs in china universities list,PK,Google Autocomplete 2026-10-05
hsk list of words,List / finder,University & scholarship finder,hsk list,PK,Google Autocomplete 2026-10-05
list of medical universities in china,List / finder,University & scholarship finder,mbbs in china universities list,PK,Google Autocomplete 2026-10-05
list of scholarships in china,List / finder,University & scholarship finder,china scholarship checker,PK,Google Autocomplete 2026-10-05
mbbs in china best university,List / finder,University & scholarship finder,mbbs in china b*,PK,Google Autocomplete 2026-10-05
mbbs in china ranking,List / finder,University & scholarship finder,mbbs in china r*,PK,Google Autocomplete 2026-10-05
mbbs universities in china for indian students,List / finder,University & scholarship finder,mbbs in china u*,PK,Google Autocomplete 2026-10-05
mbbs universities in china for international students,List / finder,University & scholarship finder,mbbs in china u*,PK,Google Autocomplete 2026-10-05
mbbs universities in china for pakistani students,List / finder,University & scholarship finder,study in china for pakistani students,PK,Google Autocomplete 2026-10-05
medical universities in china for pakistani students,List / finder,University & scholarship finder,study in china for pakistani students,PK,Google Autocomplete 2026-10-05
moe listed mbbs universities in china,List / finder,University & scholarship finder,mbbs in china universities list,PK,Google Autocomplete 2026-10-05
study in china agency,Agency number,University & scholarship finder,study in china a*,PK,Google Autocomplete 2026-10-05
study in china university list,List / finder,University & scholarship finder,study in china list,PK,Google Autocomplete 2026-10-05
top medical universities in china for pakistani students,List / finder,University & scholarship finder,study in china for pakistani students,PK,Google Autocomplete 2026-10-05
universities in china,List / finder,University & scholarship finder,universities in china,PK,Google Autocomplete 2026-10-05
universities in china for international students,List / finder,University & scholarship finder,universities in china,PK,Google Autocomplete 2026-10-05
universities in china for international students for medicine,List / finder,University & scholarship finder,universities in china for international students,PK,Google Autocomplete 2026-10-05
universities in china for international students in english,List / finder,University & scholarship finder,universities in china,PK,Google Autocomplete 2026-10-05
universities in china for international students in english with scholarship,List / finder,University & scholarship finder,universities in china,PK,Google Autocomplete 2026-10-05
universities in china for international students reddit,List / finder,University & scholarship finder,universities in china for international students,PK,Google Autocomplete 2026-10-05
universities in china for international students undergraduate,List / finder,University & scholarship finder,universities in china for international students,PK,Google Autocomplete 2026-10-05
universities in china for international students with full scholarship,List / finder,University & scholarship finder,universities in china for international students,PK,Google Autocomplete 2026-10-05
universities in china for international students with scholarship,List / finder,University & scholarship finder,universities in china,PK,Google Autocomplete 2026-10-05
universities in china for mbbs,List / finder,University & scholarship finder,universities in china,PK,Google Autocomplete 2026-10-05
universities in china for pakistani students,List / finder,University & scholarship finder,universities in china,PK,Google Autocomplete 2026-10-05
universities in china offering scholarships,List / finder,University & scholarship finder,universities in china,PK,Google Autocomplete 2026-10-05
universities in china open for admission,List / finder,University & scholarship finder,universities in china,PK,Google Autocomplete 2026-10-05
universities in china without ielts,List / finder,University & scholarship finder,study in china without ielts,PK,Google Autocomplete 2026-10-05
can foreigner open bank account in china,Question (blog/FAQ),,china bank account for foreigners,PK,Google Autocomplete 2026-10-05
can i study in china,Question (blog/FAQ),,study in china without ielts,PK,Google Autocomplete 2026-10-05
can i study in china for free,Question (blog/FAQ),,study in china without ielts,PK,Google Autocomplete 2026-10-05
can international students work part time in china,Question (blog/FAQ),,part time job in china for international students,PK,Google Autocomplete 2026-10-05
china 1 year scholarship,General / informational,,china scholarship y*,PK,Google Autocomplete 2026-10-05
china bachelor scholarship 2025,General / informational,,china scholarship b*,PK,Google Autocomplete 2026-10-05
china bachelor scholarship 2026,General / informational,,china scholarship b*,PK,Google Autocomplete 2026-10-05
china bank account for foreigners,General / informational,,china bank account for foreigners,PK,Google Autocomplete 2026-10-05
china college list,List / finder,,china university list,PK,Google Autocomplete 2026-10-05
china embassy scholarship 2026,General / informational,,china scholarship e*,PK,Google Autocomplete 2026-10-05
china engineering scholarship,General / informational,,china scholarship e*,PK,Google Autocomplete 2026-10-05
china excellence scholarship,General / informational,,china scholarship e*,PK,Google Autocomplete 2026-10-05
china government scholarship 2025,General / informational,,china scholarship g*,PK,Google Autocomplete 2026-10-05
china government scholarship 2026,General / informational,,china scholarship g*,PK,Google Autocomplete 2026-10-05
china government scholarship 2027,General / informational,,china scholarship 2027,PK,Google Autocomplete 2026-10-05
china government scholarship csc,General / informational,,china scholarship g*,PK,Google Autocomplete 2026-10-05
china international scholarship 2025,General / informational,,china scholarship i*,PK,Google Autocomplete 2026-10-05
china international scholarship 2026,General / informational,,china scholarship i*,PK,Google Autocomplete 2026-10-05
china it scholarship,General / informational,,china scholarship i*,PK,Google Autocomplete 2026-10-05
china ki scholarship,General / informational,,china scholarship k*,PK,Google Autocomplete 2026-10-05
china learning pdf,Template / download,,study in china pdf,PK,Google Autocomplete 2026-10-05
china link scholarship program,General / informational,,china scholarship l*,PK,Google Autocomplete 2026-10-05
china masters scholarship 2027,General / informational,,china scholarship 2027,PK,Google Autocomplete 2026-10-05
china me scholarship kitna milta hai,General / informational,,china scholarship k*,PK,Google Autocomplete 2026-10-05
china national scholarship,General / informational,,china scholarship n*,PK,Google Autocomplete 2026-10-05
china national scholarship wiki,General / informational,,china scholarship n*,PK,Google Autocomplete 2026-10-05
china new scholarship,General / informational,,china scholarship n*,PK,Google Autocomplete 2026-10-05
china nursing scholarship,General / informational,,china scholarship n*,PK,Google Autocomplete 2026-10-05
china oxford scholarship fund,General / informational,,china scholarship o*,PK,Google Autocomplete 2026-10-05
china phd scholarship 2027,General / informational,,china scholarship 2027,PK,Google Autocomplete 2026-10-05
china research scholarship,General / informational,,china scholarship r*,PK,Google Autocomplete 2026-10-05
china rhodes scholarship,General / informational,,china scholarship r*,PK,Google Autocomplete 2026-10-05
china rwanda scholarship,General / informational,,china scholarship r*,PK,Google Autocomplete 2026-10-05
china scholarship,General / informational,,china scholarship,BD,Google Autocomplete 2026-10-05
china scholarship 2025 apply online,Login / portal (navigational),,china scholarship online,PK,Google Autocomplete 2026-10-05
china scholarship 2026,General / informational,,china scholarship 2026,PK,Google Autocomplete 2026-10-05
china scholarship 2026 application,General / informational,,china scholarship 2026,PK,Google Autocomplete 2026-10-05
china scholarship 2026 apply online,Login / portal (navigational),,china scholarship 2026,PK,Google Autocomplete 2026-10-05
china scholarship 2026 for pakistani students,General / informational,,china scholarship 2026,PK,Google Autocomplete 2026-10-05
china scholarship 2026 fully funded,General / informational,,china scholarship 2026,PK,Google Autocomplete 2026-10-05
china scholarship 2026 march intake,General / informational,,china scholarship 2026,PK,Google Autocomplete 2026-10-05
china scholarship 2027,General / informational,,china scholarship 2027,PK,Google Autocomplete 2026-10-05
china scholarship admission,General / informational,,china scholarship a*,PK,Google Autocomplete 2026-10-05
china scholarship after matric,General / informational,,china scholarship a*,PK,Google Autocomplete 2026-10-05
china scholarship age limit,General / informational,,china scholarship a*,PK,Google Autocomplete 2026-10-05
china scholarship agriculture,General / informational,,china scholarship a*,PK,Google Autocomplete 2026-10-05
china scholarship anso,General / informational,,china scholarship a*,PK,Google Autocomplete 2026-10-05
china scholarship application,General / informational,,china scholarship form,PK,Google Autocomplete 2026-10-05
china scholarship application 2025,General / informational,,china scholarship form,PK,Google Autocomplete 2026-10-05
china scholarship application 2026,General / informational,,china scholarship form,PK,Google Autocomplete 2026-10-05
china scholarship application portal,Login / portal (navigational),,china scholarship form,PK,Google Autocomplete 2026-10-05
china scholarship apply,General / informational,,china scholarship eligibility,PK,Google Autocomplete 2026-10-05
china scholarship apply online,Login / portal (navigational),,china scholarship eligibility,PK,Google Autocomplete 2026-10-05
china scholarship available,General / informational,,china scholarship a*,PK,Google Autocomplete 2026-10-05
china scholarship bachelor,General / informational,,china scholarship b*,PK,Google Autocomplete 2026-10-05
china scholarship bangladesh,General / informational,,china scholarship b*,PK,Google Autocomplete 2026-10-05
china scholarship bd,General / informational,,china scholarship b*,PK,Google Autocomplete 2026-10-05
china scholarship benefits,General / informational,,china scholarship b*,PK,Google Autocomplete 2026-10-05
china scholarship botswana,General / informational,,china scholarship b*,PK,Google Autocomplete 2026-10-05
china scholarship brunei,General / informational,,china scholarship b*,PK,Google Autocomplete 2026-10-05
china scholarship bs,General / informational,,china scholarship b*,PK,Google Autocomplete 2026-10-05
china scholarship by hec,General / informational,,china scholarship b*,PK,Google Autocomplete 2026-10-05
china scholarship civil engineering,General / informational,,china scholarship c*,PK,Google Autocomplete 2026-10-05
china scholarship consultants in pakistan,General / informational,,china scholarship c*,PK,Google Autocomplete 2026-10-05
china scholarship council,General / informational,,china scholarship c*,PK,Google Autocomplete 2026-10-05
china scholarship council (csc),General / informational,,china scholarship c*,PK,Google Autocomplete 2026-10-05
china scholarship council 2026,General / informational,,china scholarship c*,PK,Google Autocomplete 2026-10-05
china scholarship council 2027,General / informational,,china scholarship 2027,PK,Google Autocomplete 2026-10-05
china scholarship council address,General / informational,,china scholarship,BD,Google Autocomplete 2026-10-05
china scholarship council csc online application system,General / informational,,china scholarship online,PK,Google Autocomplete 2026-10-05
china scholarship council hong kong,General / informational,,china scholarship h*,PK,Google Autocomplete 2026-10-05
china scholarship council joint scholarship program,General / informational,,china scholarship j*,PK,Google Autocomplete 2026-10-05
china scholarship council login,Login / portal (navigational),,china scholarship c*,PK,Google Autocomplete 2026-10-05
china scholarship council official website,General / informational,,china scholarship c*,PK,Google Autocomplete 2026-10-05
china scholarship council online,General / informational,,china scholarship online,PK,Google Autocomplete 2026-10-05
china scholarship council online application system,General / informational,,china scholarship online,PK,Google Autocomplete 2026-10-05
china scholarship council online login,Login / portal (navigational),,china scholarship online,PK,Google Autocomplete 2026-10-05
china scholarship council online portal,Login / portal (navigational),,china scholarship online,PK,Google Autocomplete 2026-10-05
china scholarship council online registration,Login / portal (navigational),,china scholarship online,PK,Google Autocomplete 2026-10-05
china scholarship council qmul,General / informational,,china scholarship q*,PK,Google Autocomplete 2026-10-05
china scholarship council unibo joint programme,General / informational,,china scholarship j*,PK,Google Autocomplete 2026-10-05
china scholarship council verification,Tool: checker / eligibility,,china scholarship v*,PK,Google Autocomplete 2026-10-05
china scholarship council visiting scholar,General / informational,,china scholarship v*,PK,Google Autocomplete 2026-10-05
china scholarship council website,General / informational,,china scholarship w*,PK,Google Autocomplete 2026-10-05
china scholarship council website & portal,Login / portal (navigational),,china scholarship c*,PK,Google Autocomplete 2026-10-05
china scholarship csc 2026,General / informational,,china scholarship c*,PK,Google Autocomplete 2026-10-05
china scholarship cv format,Template / download,,china scholarship c*,PK,Google Autocomplete 2026-10-05
china scholarship date,General / informational,,china scholarship d*,PK,Google Autocomplete 2026-10-05
china scholarship details,General / informational,,china scholarship d*,PK,Google Autocomplete 2026-10-05
china scholarship diploma,General / informational,,china scholarship d*,PK,Google Autocomplete 2026-10-05
china scholarship dominica,General / informational,,china scholarship d*,PK,Google Autocomplete 2026-10-05
china scholarship education,General / informational,,china scholarship e*,PK,Google Autocomplete 2026-10-05
china scholarship embassy,General / informational,,china scholarship e*,PK,Google Autocomplete 2026-10-05
china scholarship english,General / informational,,china scholarship e*,PK,Google Autocomplete 2026-10-05
china scholarship exam,General / informational,,china scholarship e*,PK,Google Autocomplete 2026-10-05
china scholarship exam name,General / informational,,china scholarship e*,PK,Google Autocomplete 2026-10-05
china scholarship for bangladeshi students,General / informational,,china scholarship,BD,Google Autocomplete 2026-10-05
china scholarship for bangladeshi students 2026,General / informational,,china scholarship,BD,Google Autocomplete 2026-10-05
china scholarship for diploma students,General / informational,,china scholarship,BD,Google Autocomplete 2026-10-05
china scholarship for indian students,General / informational,,china scholarship i*,PK,Google Autocomplete 2026-10-05
china scholarship for international students,General / informational,,china scholarship f*,PK,Google Autocomplete 2026-10-05
china scholarship for international students 2026,General / informational,,china scholarship i*,PK,Google Autocomplete 2026-10-05
china scholarship for kenyan students,General / informational,,china scholarship k*,PK,Google Autocomplete 2026-10-05
china scholarship for kiribati 2025,General / informational,,china scholarship k*,PK,Google Autocomplete 2026-10-05
china scholarship for kiribati 2026,General / informational,,china scholarship k*,PK,Google Autocomplete 2026-10-05
china scholarship for kiribati 2026 apply online,Login / portal (navigational),,china scholarship k*,PK,Google Autocomplete 2026-10-05
china scholarship for masters,General / informational,,china scholarship f*,PK,Google Autocomplete 2026-10-05
china scholarship for masters 2026,General / informational,,china scholarship f*,PK,Google Autocomplete 2026-10-05
china scholarship for pakistani students,General / informational,,china scholarship for pakistani students,PK,Google Autocomplete 2026-10-05
china scholarship for pakistani students 2025,General / informational,,csc scholarship for pakistani students,PK,Google Autocomplete 2026-10-05
china scholarship for pakistani students 2026,General / informational,,china scholarship for pakistani students,PK,Google Autocomplete 2026-10-05
china scholarship for pakistani students 2026 fully funded,General / informational,,china scholarship for pakistani students,PK,Google Autocomplete 2026-10-05
china scholarship for pakistani students 2027,General / informational,,china scholarship for pakistani students,PK,Google Autocomplete 2026-10-05
china scholarship for pakistani students after matric,General / informational,,china scholarship for pakistani students,PK,Google Autocomplete 2026-10-05
china scholarship for pakistani students apply online,Login / portal (navigational),,csc scholarship for pakistani students,PK,Google Autocomplete 2026-10-05
china scholarship for pakistani students for masters,General / informational,,china scholarship for pakistani students,PK,Google Autocomplete 2026-10-05
china scholarship for pakistani students fully funded,General / informational,,china scholarship for pakistani students,PK,Google Autocomplete 2026-10-05
china scholarship for pakistani students undergraduate,General / informational,,china scholarship for pakistani students,PK,Google Autocomplete 2026-10-05
china scholarship for zambian students,General / informational,,china scholarship z*,PK,Google Autocomplete 2026-10-05
china scholarship form,Template / download,,csc scholarship form,PK,Google Autocomplete 2026-10-05
china scholarship form pdf,Template / download,,csc scholarship form,PK,Google Autocomplete 2026-10-05
china scholarship fully funded 2026,General / informational,,china scholarship f*,PK,Google Autocomplete 2026-10-05
china scholarship gateway,General / informational,,china scholarship g*,PK,Google Autocomplete 2026-10-05
china scholarship government,General / informational,,china scholarship g*,PK,Google Autocomplete 2026-10-05
china scholarship grenada,General / informational,,china scholarship g*,PK,Google Autocomplete 2026-10-05
china scholarship group,General / informational,,china scholarship g*,PK,Google Autocomplete 2026-10-05
china scholarship guide,General / informational,,china scholarship g*,PK,Google Autocomplete 2026-10-05
china scholarship guyana,General / informational,,china scholarship g*,PK,Google Autocomplete 2026-10-05
china scholarship hec,General / informational,,china scholarship h*,PK,Google Autocomplete 2026-10-05
china scholarship helpline,General / informational,,china scholarship h*,PK,Google Autocomplete 2026-10-05
china scholarship helpline csh,General / informational,,china scholarship h*,PK,Google Autocomplete 2026-10-05
china scholarship high school,General / informational,,china scholarship h*,PK,Google Autocomplete 2026-10-05
china scholarship how to apply,General / informational,,china scholarship h*,PK,Google Autocomplete 2026-10-05
china scholarship in 2026,General / informational,,china scholarship i*,PK,Google Autocomplete 2026-10-05
china scholarship in pakistan,General / informational,,china scholarship i*,PK,Google Autocomplete 2026-10-05
china scholarship international,General / informational,,china scholarship i*,PK,Google Autocomplete 2026-10-05
china scholarship international students,General / informational,,china scholarship i*,PK,Google Autocomplete 2026-10-05
china scholarship interview questions,General / informational,,china scholarship q*,PK,Google Autocomplete 2026-10-05
china scholarship jamaica,General / informational,,csc scholarship j*,PK,Google Autocomplete 2026-10-05
china scholarship kazakhstan,General / informational,,csc scholarship k*,PK,Google Autocomplete 2026-10-05
china scholarship kiribati,General / informational,,csc scholarship k*,PK,Google Autocomplete 2026-10-05
china scholarship language,General / informational,,china scholarship l*,PK,Google Autocomplete 2026-10-05
china scholarship language program,General / informational,,china scholarship l*,PK,Google Autocomplete 2026-10-05
china scholarship letter,General / informational,,china scholarship l*,PK,Google Autocomplete 2026-10-05
china scholarship link,General / informational,,china scholarship l*,PK,Google Autocomplete 2026-10-05
china scholarship list,List / finder,,csc scholarship list,PK,Google Autocomplete 2026-10-05
china scholarship login,Login / portal (navigational),,china scholarship l*,PK,Google Autocomplete 2026-10-05
china scholarship maldives,General / informational,,china scholarship m*,PK,Google Autocomplete 2026-10-05
china scholarship march intake 2026,General / informational,,china scholarship m*,PK,Google Autocomplete 2026-10-05
china scholarship master degree,General / informational,,china scholarship m*,PK,Google Autocomplete 2026-10-05
china scholarship masters,General / informational,,china scholarship m*,PK,Google Autocomplete 2026-10-05
china scholarship masters 2026,General / informational,,china scholarship m*,PK,Google Autocomplete 2026-10-05
china scholarship monthly stipend,General / informational,,china scholarship m*,PK,Google Autocomplete 2026-10-05
china scholarship morocco,General / informational,,china scholarship m*,PK,Google Autocomplete 2026-10-05
china scholarship name,General / informational,,china scholarship n*,PK,Google Autocomplete 2026-10-05
china scholarship nepal,General / informational,,china scholarship n*,PK,Google Autocomplete 2026-10-05
china scholarship network,General / informational,,china scholarship n*,PK,Google Autocomplete 2026-10-05
china scholarship notarization process,General / informational,,china scholarship n*,PK,Google Autocomplete 2026-10-05
china scholarship notarization rules,General / informational,,china scholarship n*,PK,Google Autocomplete 2026-10-05
china scholarship official website,General / informational,,china scholarship o*,PK,Google Autocomplete 2026-10-05
china scholarship online,General / informational,,china scholarship online,PK,Google Autocomplete 2026-10-05
china scholarship online apply,General / informational,,csc scholarship online,PK,Google Autocomplete 2026-10-05
china scholarship open,General / informational,,china scholarship o*,PK,Google Autocomplete 2026-10-05
china scholarship opportunities,General / informational,,china scholarship o*,PK,Google Autocomplete 2026-10-05
china scholarship org,General / informational,,china scholarship o*,PK,Google Autocomplete 2026-10-05
china scholarship oxford,General / informational,,china scholarship o*,PK,Google Autocomplete 2026-10-05
china scholarship pakistan,General / informational,,china scholarship p*,PK,Google Autocomplete 2026-10-05
china scholarship phd,General / informational,,china scholarship p*,PK,Google Autocomplete 2026-10-05
china scholarship philippines,General / informational,,china scholarship p*,PK,Google Autocomplete 2026-10-05
china scholarship portal,Login / portal (navigational),,china scholarship p*,PK,Google Autocomplete 2026-10-05
china scholarship portal login,Login / portal (navigational),,china scholarship p*,PK,Google Autocomplete 2026-10-05
china scholarship program,General / informational,,china scholarship p*,PK,Google Autocomplete 2026-10-05
china scholarship program 2025,General / informational,,china scholarship p*,PK,Google Autocomplete 2026-10-05
china scholarship program 2026,General / informational,,china scholarship p*,PK,Google Autocomplete 2026-10-05
china scholarship programme,General / informational,,china scholarship p*,PK,Google Autocomplete 2026-10-05
china scholarship reddit,General / informational,,china scholarship r*,PK,Google Autocomplete 2026-10-05
china scholarship registration,Login / portal (navigational),,china scholarship r*,PK,Google Autocomplete 2026-10-05
china scholarship result,General / informational,,china scholarship r*,PK,Google Autocomplete 2026-10-05
china scholarship school,General / informational,,china scholarship s*,PK,Google Autocomplete 2026-10-05
china scholarship scut,General / informational,,china scholarship s*,PK,Google Autocomplete 2026-10-05
china scholarship september intake,General / informational,,china scholarship s*,PK,Google Autocomplete 2026-10-05
china scholarship solomon islands,General / informational,,china scholarship s*,PK,Google Autocomplete 2026-10-05
china scholarship south africa,General / informational,,china scholarship s*,PK,Google Autocomplete 2026-10-05
china scholarship sri lanka,General / informational,,china scholarship s*,PK,Google Autocomplete 2026-10-05
china scholarship stipend,General / informational,,china scholarship s*,PK,Google Autocomplete 2026-10-05
china scholarship study,General / informational,,china scholarship s*,PK,Google Autocomplete 2026-10-05
china scholarship summer,General / informational,,china scholarship s*,PK,Google Autocomplete 2026-10-05
china scholarship tanzania,General / informational,,china scholarship t*,PK,Google Autocomplete 2026-10-05
china scholarship test,General / informational,,china scholarship checker,PK,Google Autocomplete 2026-10-05
china scholarship to learn chinese,General / informational,,china scholarship t*,PK,Google Autocomplete 2026-10-05
china scholarship to south sudan,General / informational,,china scholarship t*,PK,Google Autocomplete 2026-10-05
china scholarship to study chinese,General / informational,,china scholarship t*,PK,Google Autocomplete 2026-10-05
china scholarship trinidad,General / informational,,china scholarship t*,PK,Google Autocomplete 2026-10-05
china scholarship tsinghua,General / informational,,china scholarship t*,PK,Google Autocomplete 2026-10-05
china scholarship tunisia,General / informational,,china scholarship t*,PK,Google Autocomplete 2026-10-05
china scholarship type b,General / informational,,china scholarship t*,PK,Google Autocomplete 2026-10-05
china scholarship types,General / informational,,china scholarship t*,PK,Google Autocomplete 2026-10-05
china scholarship uk,General / informational,,china scholarship k*,PK,Google Autocomplete 2026-10-05
china scholarship undergraduate,General / informational,,china scholarship u*,PK,Google Autocomplete 2026-10-05
china scholarship uni,General / informational,,china scholarship u*,PK,Google Autocomplete 2026-10-05
china scholarship university,General / informational,,china scholarship u*,PK,Google Autocomplete 2026-10-05
china scholarship update,General / informational,,china scholarship u*,PK,Google Autocomplete 2026-10-05
china scholarship usyd,General / informational,,china scholarship u*,PK,Google Autocomplete 2026-10-05
china scholarship vanuatu,General / informational,,csc scholarship v*,PK,Google Autocomplete 2026-10-05
china scholarship website,General / informational,,china scholarship w*,PK,Google Autocomplete 2026-10-05
china scholarship whatsapp group,General / informational,,china scholarship w*,PK,Google Autocomplete 2026-10-05
china scholarship whatsapp group link,General / informational,,china scholarship w*,PK,Google Autocomplete 2026-10-05
china scholarship with stipend,General / informational,,china scholarship w*,PK,Google Autocomplete 2026-10-05
china scholarship without csca,General / informational,,china scholarship w*,PK,Google Autocomplete 2026-10-05
china scholarships for zimbabweans,General / informational,,china scholarship z*,PK,Google Autocomplete 2026-10-05
china scholarships in uganda,General / informational,,china scholarship i*,PK,Google Autocomplete 2026-10-05
china scholarships kenya,General / informational,,china scholarship k*,PK,Google Autocomplete 2026-10-05
china scholarships uganda,General / informational,,china scholarship u*,PK,Google Autocomplete 2026-10-05
china scholarships ugandan students,General / informational,,china scholarship u*,PK,Google Autocomplete 2026-10-05
china time,General / informational,,china time,PK,Google Autocomplete 2026-10-05
china time difference with pakistan,General / informational,,china time,PK,Google Autocomplete 2026-10-05
china time now,General / informational,,china time,PK,Google Autocomplete 2026-10-05
china time now am or pm,General / informational,,china time,PK,Google Autocomplete 2026-10-05
china time now in pakistan,General / informational,,china time,PK,Google Autocomplete 2026-10-05
china time now vs pakistan,General / informational,,china time,PK,Google Autocomplete 2026-10-05
china time to pakistan time,General / informational,,china time,PK,Google Autocomplete 2026-10-05
china time vs pakistan time,General / informational,,china time,PK,Google Autocomplete 2026-10-05
china time zone,General / informational,,china time,PK,Google Autocomplete 2026-10-05
china time zone to pakistan,General / informational,,china time,PK,Google Autocomplete 2026-10-05
china undergraduate scholarship 2027,General / informational,,china scholarship 2027,PK,Google Autocomplete 2026-10-05
china university scholarship for international students,General / informational,,china scholarship u*,PK,Google Autocomplete 2026-10-05
china university tuition,General / informational,,china university fees,PK,Google Autocomplete 2026-10-05
china vision scholarship,General / informational,,csc scholarship v*,PK,Google Autocomplete 2026-10-05
china visiting fellowship,General / informational,,china scholarship v*,PK,Google Autocomplete 2026-10-05
china yes scholarship,General / informational,,csc scholarship y*,PK,Google Autocomplete 2026-10-05
china youth scholarship,General / informational,,csc scholarship y*,PK,Google Autocomplete 2026-10-05
china zimbabwe scholarship,General / informational,,csc scholarship z*,PK,Google Autocomplete 2026-10-05
chinese government scholarship,General / informational,,chinese government scholarship,PK,Google Autocomplete 2026-10-05
chinese government scholarship (csc),General / informational,,chinese government scholarship,PK,Google Autocomplete 2026-10-05
chinese government scholarship 2026,General / informational,,chinese government scholarship,PK,Google Autocomplete 2026-10-05
chinese government scholarship 2027,General / informational,,chinese government scholarship,PK,Google Autocomplete 2026-10-05
chinese government scholarship for international students,General / informational,,chinese government scholarship,PK,Google Autocomplete 2026-10-05
chinese government scholarship for pakistani students,General / informational,,chinese government scholarship,PK,Google Autocomplete 2026-10-05
chinese government scholarship form,Template / download,,csc scholarship form,PK,Google Autocomplete 2026-10-05
chinese government scholarship information system,Template / download,,chinese government scholarship,PK,Google Autocomplete 2026-10-05
chinese government scholarship jamaica,General / informational,,csc scholarship j*,PK,Google Autocomplete 2026-10-05
chinese government scholarship kenya,General / informational,,csc scholarship k*,PK,Google Autocomplete 2026-10-05
chinese government scholarship kobi,General / informational,,csc scholarship k*,PK,Google Autocomplete 2026-10-05
chinese government scholarship kyrgyzstan,General / informational,,csc scholarship k*,PK,Google Autocomplete 2026-10-05
chinese government scholarship list,List / finder,,csc scholarship list,PK,Google Autocomplete 2026-10-05
chinese government scholarship official website,General / informational,,chinese government scholarship,PK,Google Autocomplete 2026-10-05
chinese government scholarship online application,General / informational,,csc scholarship online,PK,Google Autocomplete 2026-10-05
chinese government scholarship online application login,Login / portal (navigational),,csc scholarship online,PK,Google Autocomplete 2026-10-05
chinese government scholarship online application system,General / informational,,csc scholarship online,PK,Google Autocomplete 2026-10-05
chinese government scholarship online portal,Login / portal (navigational),,csc scholarship online,PK,Google Autocomplete 2026-10-05
chinese government scholarship pdf,Template / download,,csc scholarship pdf,PK,Google Autocomplete 2026-10-05
chinese government scholarship quota,General / informational,,csc scholarship q*,PK,Google Autocomplete 2026-10-05
chinese government scholarship vanuatu,General / informational,,csc scholarship v*,PK,Google Autocomplete 2026-10-05
chinese government scholarship zambia,General / informational,,csc scholarship z*,PK,Google Autocomplete 2026-10-05
chinese government scholarship zhejiang,General / informational,,csc scholarship z*,PK,Google Autocomplete 2026-10-05
chinese government scholarship zhejiang university,General / informational,,csc scholarship z*,PK,Google Autocomplete 2026-10-05
chinese government scholarship zimbabwe,General / informational,,csc scholarship z*,PK,Google Autocomplete 2026-10-05
chinese language course in china,General / informational,,chinese language course in china,PK,Google Autocomplete 2026-10-05
chinese language course in china for international students,General / informational,,chinese language course in china,PK,Google Autocomplete 2026-10-05
chinese language course in china for international students scholarship,General / informational,,chinese language course in china,PK,Google Autocomplete 2026-10-05
chinese language course in china for pakistani students,General / informational,,chinese language course in china,PK,Google Autocomplete 2026-10-05
chinese language course in china scholarship,General / informational,,chinese language course in china,PK,Google Autocomplete 2026-10-05
chinese language course in china scholarship 2025,General / informational,,chinese language course in china,PK,Google Autocomplete 2026-10-05
chinese language course in china scholarship 2026,General / informational,,chinese language course in china,PK,Google Autocomplete 2026-10-05
chinese language course in china scholarship for pakistani,General / informational,,chinese language course in china,PK,Google Autocomplete 2026-10-05
chinese language course in china university,General / informational,,chinese language course in china,PK,Google Autocomplete 2026-10-05
chinese scholarship programs,General / informational,,china scholarship template,PK,Google Autocomplete 2026-10-05
covering china journalism scholarship and the global conversation,General / informational,,china scholarship j*,PK,Google Autocomplete 2026-10-05
csc china scholarship 2027,General / informational,,china scholarship 2027,PK,Google Autocomplete 2026-10-05
csc china scholarship hec,General / informational,,china scholarship h*,PK,Google Autocomplete 2026-10-05
csc joint scholarship,General / informational,,csc scholarship j*,PK,Google Autocomplete 2026-10-05
csc scholarship,General / informational,,csc scholarship,PK,Google Autocomplete 2026-10-05
csc scholarship 2026,General / informational,,csc scholarship,PK,Google Autocomplete 2026-10-05
csc scholarship 2026 application,General / informational,,csc scholarship 2026,PK,Google Autocomplete 2026-10-05
csc scholarship 2026 apply online,Login / portal (navigational),,csc scholarship,PK,Google Autocomplete 2026-10-05
csc scholarship 2026 start date,General / informational,,csc scholarship 2026,PK,Google Autocomplete 2026-10-05
csc scholarship 2027,General / informational,,csc scholarship,PK,Google Autocomplete 2026-10-05
csc scholarship 2027 application,General / informational,,csc scholarship 2027,PK,Google Autocomplete 2026-10-05
csc scholarship 2027 apply online,Login / portal (navigational),,csc scholarship 2027,PK,Google Autocomplete 2026-10-05
csc scholarship 2027 intake,General / informational,,csc scholarship 2027,PK,Google Autocomplete 2026-10-05
csc scholarship 2027 start date,General / informational,,csc scholarship 2027,PK,Google Autocomplete 2026-10-05
csc scholarship 2027 undergraduate,General / informational,,csc scholarship 2027,PK,Google Autocomplete 2026-10-05
csc scholarship 2027 universities,General / informational,,csc scholarship 2027,PK,Google Autocomplete 2026-10-05
csc scholarship acceptance rate,General / informational,,csc scholarship a*,PK,Google Autocomplete 2026-10-05
csc scholarship age limit,General / informational,,csc scholarship a*,PK,Google Autocomplete 2026-10-05
csc scholarship amount,General / informational,,csc scholarship a*,PK,Google Autocomplete 2026-10-05
csc scholarship amount for phd,General / informational,,csc scholarship a*,PK,Google Autocomplete 2026-10-05
csc scholarship application,General / informational,,csc scholarship form,PK,Google Autocomplete 2026-10-05
csc scholarship application portal,Login / portal (navigational),,csc scholarship form,PK,Google Autocomplete 2026-10-05
csc scholarship apply,General / informational,,csc scholarship eligibility,PK,Google Autocomplete 2026-10-05
csc scholarship apply date,General / informational,,csc scholarship a*,PK,Google Autocomplete 2026-10-05
csc scholarship apply online,Login / portal (navigational),,csc scholarship a*,PK,Google Autocomplete 2026-10-05
csc scholarship aptitude test questions,General / informational,,csc scholarship q*,PK,Google Autocomplete 2026-10-05
csc scholarship bachelor,General / informational,,csc scholarship b*,PK,Google Autocomplete 2026-10-05
csc scholarship bachelor's degree,General / informational,,csc scholarship b*,PK,Google Autocomplete 2026-10-05
csc scholarship bangladesh,General / informational,,csc scholarship b*,PK,Google Autocomplete 2026-10-05
csc scholarship bangladesh 2026,General / informational,,csc scholarship b*,PK,Google Autocomplete 2026-10-05
csc scholarship beihang university,General / informational,,csc scholarship b*,PK,Google Autocomplete 2026-10-05
csc scholarship benefits,General / informational,,csc scholarship checker,PK,Google Autocomplete 2026-10-05
csc scholarship bilateral program,General / informational,,csc scholarship b*,PK,Google Autocomplete 2026-10-05
csc scholarship botswana,General / informational,,csc scholarship b*,PK,Google Autocomplete 2026-10-05
csc scholarship bristol,General / informational,,csc scholarship b*,PK,Google Autocomplete 2026-10-05
csc scholarship by hec,General / informational,,csc scholarship b*,PK,Google Autocomplete 2026-10-05
csc scholarship china,General / informational,,csc scholarship,PK,Google Autocomplete 2026-10-05
csc scholarship china 2026,General / informational,,csc scholarship c*,PK,Google Autocomplete 2026-10-05
csc scholarship china 2027,General / informational,,csc scholarship c*,PK,Google Autocomplete 2026-10-05
csc scholarship contact,General / informational,,csc scholarship agency number,PK,Google Autocomplete 2026-10-05
csc scholarship council,General / informational,,csc scholarship c*,PK,Google Autocomplete 2026-10-05
csc scholarship cv,General / informational,,csc scholarship c*,PK,Google Autocomplete 2026-10-05
csc scholarship cv format,Template / download,,csc scholarship c*,PK,Google Autocomplete 2026-10-05
csc scholarship date,General / informational,,csc scholarship d*,PK,Google Autocomplete 2026-10-05
csc scholarship date 2026,General / informational,,csc scholarship d*,PK,Google Autocomplete 2026-10-05
csc scholarship details,General / informational,,csc scholarship agency number,PK,Google Autocomplete 2026-10-05
csc scholarship email,General / informational,,csc scholarship e*,PK,Google Autocomplete 2026-10-05
csc scholarship email address,General / informational,,csc scholarship e*,PK,Google Autocomplete 2026-10-05
csc scholarship embassy track,Tool: checker / eligibility,,csc scholarship e*,PK,Google Autocomplete 2026-10-05
csc scholarship english taught programs,General / informational,,csc scholarship e*,PK,Google Autocomplete 2026-10-05
csc scholarship exam,General / informational,,csc scholarship e*,PK,Google Autocomplete 2026-10-05
csc scholarship exam model question paper,General / informational,,csc scholarship q*,PK,Google Autocomplete 2026-10-05
csc scholarship exam question paper,General / informational,,csc scholarship e*,PK,Google Autocomplete 2026-10-05
csc scholarship exam syllabus,General / informational,,csc scholarship e*,PK,Google Autocomplete 2026-10-05
csc scholarship for bachelor degree,General / informational,,csc scholarship f*,PK,Google Autocomplete 2026-10-05
csc scholarship for china,General / informational,,csc scholarship f*,PK,Google Autocomplete 2026-10-05
csc scholarship for masters,General / informational,,csc scholarship f*,PK,Google Autocomplete 2026-10-05
csc scholarship for pakistani students,General / informational,,csc scholarship for pakistani students,PK,Google Autocomplete 2026-10-05
csc scholarship for pakistani students 2026,General / informational,,csc scholarship for pakistani students,PK,Google Autocomplete 2026-10-05
csc scholarship for phd,General / informational,,csc scholarship f*,PK,Google Autocomplete 2026-10-05
csc scholarship for undergraduate,General / informational,,csc scholarship f*,PK,Google Autocomplete 2026-10-05
csc scholarship form,Template / download,,csc scholarship form,PK,Google Autocomplete 2026-10-05
csc scholarship form 2026,Template / download,,csc scholarship form,PK,Google Autocomplete 2026-10-05
csc scholarship form pdf,Template / download,,csc scholarship form,PK,Google Autocomplete 2026-10-05
csc scholarship full form,Template / download,,csc scholarship f*,PK,Google Autocomplete 2026-10-05
csc scholarship germany,General / informational,,csc scholarship g*,PK,Google Autocomplete 2026-10-05
csc scholarship group,General / informational,,csc scholarship g*,PK,Google Autocomplete 2026-10-05
csc scholarship guangzhou,General / informational,,csc scholarship g*,PK,Google Autocomplete 2026-10-05
csc scholarship guidance,General / informational,,csc scholarship g*,PK,Google Autocomplete 2026-10-05
csc scholarship guide,General / informational,,csc scholarship g*,PK,Google Autocomplete 2026-10-05
csc scholarship guide official,General / informational,,csc scholarship g*,PK,Google Autocomplete 2026-10-05
csc scholarship guidelines,General / informational,,csc scholarship g*,PK,Google Autocomplete 2026-10-05
csc scholarship guidelines 2026,General / informational,,csc scholarship g*,PK,Google Autocomplete 2026-10-05
csc scholarship harbin institute of technology,General / informational,,csc scholarship h*,PK,Google Autocomplete 2026-10-05
csc scholarship health certificate,General / informational,,csc scholarship h*,PK,Google Autocomplete 2026-10-05
csc scholarship hec,General / informational,,csc scholarship h*,PK,Google Autocomplete 2026-10-05
csc scholarship help desk,General / informational,,csc scholarship h*,PK,Google Autocomplete 2026-10-05
csc scholarship high school,General / informational,,csc scholarship h*,PK,Google Autocomplete 2026-10-05
csc scholarship hong kong,General / informational,,csc scholarship h*,PK,Google Autocomplete 2026-10-05
csc scholarship how to apply,General / informational,,csc scholarship h*,PK,Google Autocomplete 2026-10-05
csc scholarship how to get,General / informational,,csc scholarship h*,PK,Google Autocomplete 2026-10-05
csc scholarship in china,General / informational,,csc scholarship i*,PK,Google Autocomplete 2026-10-05
csc scholarship in china 2026,General / informational,,csc scholarship i*,PK,Google Autocomplete 2026-10-05
csc scholarship in chinese,General / informational,,csc scholarship i*,PK,Google Autocomplete 2026-10-05
csc scholarship india,General / informational,,csc scholarship i*,PK,Google Autocomplete 2026-10-05
csc scholarship indonesia,General / informational,,csc scholarship i*,PK,Google Autocomplete 2026-10-05
csc scholarship information,Template / download,,csc scholarship i*,PK,Google Autocomplete 2026-10-05
csc scholarship intake,General / informational,,csc scholarship i*,PK,Google Autocomplete 2026-10-05
csc scholarship interview questions,General / informational,,csc scholarship i*,PK,Google Autocomplete 2026-10-05
csc scholarship interview questions and answers pdf,Template / download,,csc scholarship q*,PK,Google Autocomplete 2026-10-05
csc scholarship is open,Deadline / dates,,csc scholarship i*,PK,Google Autocomplete 2026-10-05
csc scholarship jamaica,General / informational,,csc scholarship j*,PK,Google Autocomplete 2026-10-05
csc scholarship japan,General / informational,,csc scholarship j*,PK,Google Autocomplete 2026-10-05
csc scholarship jiangsu university,General / informational,,csc scholarship j*,PK,Google Autocomplete 2026-10-05
csc scholarship jilin university,General / informational,,csc scholarship j*,PK,Google Autocomplete 2026-10-05
csc scholarship kenya,General / informational,,csc scholarship k*,PK,Google Autocomplete 2026-10-05
csc scholarship ki,General / informational,,csc scholarship k*,PK,Google Autocomplete 2026-10-05
csc scholarship ku leuven,General / informational,,csc scholarship k*,PK,Google Autocomplete 2026-10-05
csc scholarship kuwait,General / informational,,csc scholarship k*,PK,Google Autocomplete 2026-10-05
csc scholarship kya hai,General / informational,,csc scholarship k*,PK,Google Autocomplete 2026-10-05
csc scholarship language program,General / informational,,csc scholarship l*,PK,Google Autocomplete 2026-10-05
csc scholarship link,General / informational,,csc scholarship l*,PK,Google Autocomplete 2026-10-05
csc scholarship list,List / finder,,csc scholarship list,PK,Google Autocomplete 2026-10-05
csc scholarship list 2025,List / finder,,csc scholarship list,PK,Google Autocomplete 2026-10-05
csc scholarship list 2026,List / finder,,csc scholarship list,PK,Google Autocomplete 2026-10-05
csc scholarship login,Login / portal (navigational),,csc scholarship,PK,Google Autocomplete 2026-10-05
csc scholarship login portal,Login / portal (navigational),,csc scholarship l*,PK,Google Autocomplete 2026-10-05
csc scholarship logo,General / informational,,csc scholarship l*,PK,Google Autocomplete 2026-10-05
csc scholarship là gì,General / informational,,csc scholarship l*,PK,Google Autocomplete 2026-10-05
csc scholarship majors,General / informational,,csc scholarship m*,PK,Google Autocomplete 2026-10-05
csc scholarship malaysia,General / informational,,csc scholarship m*,PK,Google Autocomplete 2026-10-05
csc scholarship masters,General / informational,,csc scholarship m*,PK,Google Autocomplete 2026-10-05
csc scholarship masters stipend,General / informational,,csc scholarship m*,PK,Google Autocomplete 2026-10-05
csc scholarship mba,General / informational,,csc scholarship m*,PK,Google Autocomplete 2026-10-05
csc scholarship means,General / informational,,csc scholarship m*,PK,Google Autocomplete 2026-10-05
csc scholarship monthly stipend,General / informational,,csc scholarship m*,PK,Google Autocomplete 2026-10-05
csc scholarship nanjing university,General / informational,,csc scholarship n*,PK,Google Autocomplete 2026-10-05
csc scholarship nepal,General / informational,,csc scholarship n*,PK,Google Autocomplete 2026-10-05
csc scholarship netherlands,General / informational,,csc scholarship n*,PK,Google Autocomplete 2026-10-05
csc scholarship new zealand,General / informational,,csc scholarship z*,PK,Google Autocomplete 2026-10-05
csc scholarship nigeria,General / informational,,csc scholarship n*,PK,Google Autocomplete 2026-10-05
csc scholarship nomination list 2025,List / finder,,csc scholarship n*,PK,Google Autocomplete 2026-10-05
csc scholarship nomination list 2026,List / finder,,csc scholarship n*,PK,Google Autocomplete 2026-10-05
csc scholarship non criminal record,General / informational,,csc scholarship n*,PK,Google Autocomplete 2026-10-05
csc scholarship non degree,General / informational,,csc scholarship n*,PK,Google Autocomplete 2026-10-05
csc scholarship number,General / informational,,csc scholarship n*,PK,Google Autocomplete 2026-10-05
csc scholarship nursing,General / informational,,csc scholarship n*,PK,Google Autocomplete 2026-10-05
csc scholarship of china,General / informational,,csc scholarship o*,PK,Google Autocomplete 2026-10-05
csc scholarship official,General / informational,,csc scholarship o*,PK,Google Autocomplete 2026-10-05
csc scholarship official website,General / informational,,csc scholarship o*,PK,Google Autocomplete 2026-10-05
csc scholarship online,General / informational,,csc scholarship online,PK,Google Autocomplete 2026-10-05
csc scholarship online application,General / informational,,csc scholarship online,PK,Google Autocomplete 2026-10-05
csc scholarship online application portal,Login / portal (navigational),,csc scholarship online,PK,Google Autocomplete 2026-10-05
csc scholarship online portal,Login / portal (navigational),,csc scholarship online,PK,Google Autocomplete 2026-10-05
csc scholarship open,General / informational,,csc scholarship o*,PK,Google Autocomplete 2026-10-05
csc scholarship pakistan,General / informational,,csc scholarship p*,PK,Google Autocomplete 2026-10-05
csc scholarship pdf,Template / download,,csc scholarship pdf,PK,Google Autocomplete 2026-10-05
csc scholarship peking university,General / informational,,csc scholarship p*,PK,Google Autocomplete 2026-10-05
csc scholarship phd,General / informational,,csc scholarship p*,PK,Google Autocomplete 2026-10-05
csc scholarship phd stipend,General / informational,,csc scholarship p*,PK,Google Autocomplete 2026-10-05
csc scholarship phone number,General / informational,,csc scholarship p*,PK,Google Autocomplete 2026-10-05
csc scholarship portal,Login / portal (navigational),,csc scholarship p*,PK,Google Autocomplete 2026-10-05
csc scholarship portal login,Login / portal (navigational),,csc scholarship p*,PK,Google Autocomplete 2026-10-05
csc scholarship process,General / informational,,csc scholarship p*,PK,Google Autocomplete 2026-10-05
csc scholarship professor email,General / informational,,csc scholarship p*,PK,Google Autocomplete 2026-10-05
csc scholarship programs,General / informational,,csc scholarship p*,PK,Google Autocomplete 2026-10-05
csc scholarship qmul,General / informational,,csc scholarship q*,PK,Google Autocomplete 2026-10-05
csc scholarship qualification,General / informational,,csc scholarship q*,PK,Google Autocomplete 2026-10-05
csc scholarship questions,General / informational,,csc scholarship q*,PK,Google Autocomplete 2026-10-05
csc scholarship quora,General / informational,,csc scholarship q*,PK,Google Autocomplete 2026-10-05
csc scholarship reddit,General / informational,,csc scholarship r*,PK,Google Autocomplete 2026-10-05
csc scholarship registration,Login / portal (navigational),,csc scholarship r*,PK,Google Autocomplete 2026-10-05
csc scholarship result 2026,General / informational,,csc scholarship r*,PK,Google Autocomplete 2026-10-05
csc scholarship results,General / informational,,csc scholarship checker,PK,Google Autocomplete 2026-10-05
csc scholarship rules,General / informational,,csc scholarship checker,PK,Google Autocomplete 2026-10-05
csc scholarship shanghai jiao tong university,General / informational,,csc scholarship j*,PK,Google Autocomplete 2026-10-05
csc scholarship sri lanka,General / informational,,csc scholarship s*,PK,Google Autocomplete 2026-10-05
csc scholarship start date,General / informational,,csc scholarship s*,PK,Google Autocomplete 2026-10-05
csc scholarship stipend,General / informational,,csc scholarship s*,PK,Google Autocomplete 2026-10-05
csc scholarship stipend for bachelors,General / informational,,csc scholarship s*,PK,Google Autocomplete 2026-10-05
csc scholarship stipend for masters,General / informational,,csc scholarship s*,PK,Google Autocomplete 2026-10-05
csc scholarship stipend for phd,General / informational,,csc scholarship s*,PK,Google Autocomplete 2026-10-05
csc scholarship subject list,List / finder,,csc scholarship s*,PK,Google Autocomplete 2026-10-05
csc scholarship subject wise university,General / informational,,csc scholarship s*,PK,Google Autocomplete 2026-10-05
csc scholarship syllabus,General / informational,,csc scholarship s*,PK,Google Autocomplete 2026-10-05
csc scholarship test,General / informational,,csc scholarship checker,PK,Google Autocomplete 2026-10-05
csc scholarship test 2026,General / informational,,csc scholarship checker,PK,Google Autocomplete 2026-10-05
csc scholarship test date,General / informational,,csc scholarship checker,PK,Google Autocomplete 2026-10-05
csc scholarship timeline,General / informational,,csc scholarship t*,PK,Google Autocomplete 2026-10-05
csc scholarship tsinghua university,General / informational,,csc scholarship t*,PK,Google Autocomplete 2026-10-05
csc scholarship tunisia,General / informational,,csc scholarship t*,PK,Google Autocomplete 2026-10-05
csc scholarship type a and b difference,General / informational,,csc scholarship t*,PK,Google Autocomplete 2026-10-05
csc scholarship type b,General / informational,,csc scholarship t*,PK,Google Autocomplete 2026-10-05
csc scholarship types,General / informational,,csc scholarship sample,PK,Google Autocomplete 2026-10-05
csc scholarship uk,General / informational,,csc scholarship u*,PK,Google Autocomplete 2026-10-05
csc scholarship under universities,General / informational,,csc scholarship u*,PK,Google Autocomplete 2026-10-05
csc scholarship undergraduate,General / informational,,csc scholarship u*,PK,Google Autocomplete 2026-10-05
csc scholarship universities,General / informational,,csc scholarship u*,PK,Google Autocomplete 2026-10-05
csc scholarship value,General / informational,,csc scholarship v*,PK,Google Autocomplete 2026-10-05
csc scholarship vuw,General / informational,,csc scholarship v*,PK,Google Autocomplete 2026-10-05
csc scholarship warwick,General / informational,,csc scholarship w*,PK,Google Autocomplete 2026-10-05
csc scholarship website,General / informational,,csc scholarship w*,PK,Google Autocomplete 2026-10-05
csc scholarship website login,Login / portal (navigational),,csc scholarship w*,PK,Google Autocomplete 2026-10-05
csc scholarship what is it,General / informational,,csc scholarship w*,PK,Google Autocomplete 2026-10-05
csc scholarship whatsapp group,General / informational,,csc scholarship w*,PK,Google Autocomplete 2026-10-05
csc scholarship whatsapp group link,General / informational,,csc scholarship w*,PK,Google Autocomplete 2026-10-05
csc scholarship wikipedia,General / informational,,csc scholarship w*,PK,Google Autocomplete 2026-10-05
csc scholarship wuhan university,General / informational,,csc scholarship w*,PK,Google Autocomplete 2026-10-05
csc scholarship xi an jiaotong university,General / informational,,csc scholarship j*,PK,Google Autocomplete 2026-10-05
csc scholarship xiamen university,General / informational,,csc scholarship x*,PK,Google Autocomplete 2026-10-05
csc scholarship youtube,General / informational,,csc scholarship y*,PK,Google Autocomplete 2026-10-05
csc scholarship zhejiang,General / informational,,csc scholarship z*,PK,Google Autocomplete 2026-10-05
csc scholarship zhejiang university,General / informational,,csc scholarship z*,PK,Google Autocomplete 2026-10-05
csc scholarship zjut 2026,General / informational,,csc scholarship z*,PK,Google Autocomplete 2026-10-05
csc uom joint scholarship,General / informational,,csc scholarship j*,PK,Google Autocomplete 2026-10-05
csc visiting scholar,General / informational,,csc scholarship v*,PK,Google Autocomplete 2026-10-05
csc visiting scholar program,General / informational,,csc scholarship v*,PK,Google Autocomplete 2026-10-05
csc visiting scholarship,General / informational,,csc scholarship v*,PK,Google Autocomplete 2026-10-05
csc yes scholarship,General / informational,,csc scholarship y*,PK,Google Autocomplete 2026-10-05
did kanye study in china,General / informational,,study in china k*,PK,Google Autocomplete 2026-10-05
does china allow part time job for international students,Question (blog/FAQ),,part time job in china for international students,PK,Google Autocomplete 2026-10-05
does duolingo work in china,Question (blog/FAQ),,duolingo accepted universities in china,PK,Google Autocomplete 2026-10-05
ethio china scholarship hub,General / informational,,china scholarship h*,PK,Google Autocomplete 2026-10-05
free study in china for pakistani students,General / informational,,study in china for pakistani students,PK,Google Autocomplete 2026-10-05
fully funded scholarship in china,General / informational,,fully funded scholarship in china,PK,Google Autocomplete 2026-10-05
fully funded scholarship in china 2026,General / informational,,fully funded scholarship in china,PK,Google Autocomplete 2026-10-05
fully funded scholarship in china for bachelor degree,General / informational,,fully funded scholarship in china,PK,Google Autocomplete 2026-10-05
fully funded scholarship in china for international students,General / informational,,fully funded scholarship in china,PK,Google Autocomplete 2026-10-05
fully funded scholarship in china for master's,General / informational,,fully funded scholarship in china,PK,Google Autocomplete 2026-10-05
fully funded scholarship in china for phd,General / informational,,fully funded scholarship in china,PK,Google Autocomplete 2026-10-05
fully funded scholarship in china for undergraduate,General / informational,,fully funded scholarship in china,PK,Google Autocomplete 2026-10-05
fully funded scholarship in china for undergraduate 2026,General / informational,,fully funded scholarship in china,PK,Google Autocomplete 2026-10-05
higher study in china,General / informational,,study in china h*,PK,Google Autocomplete 2026-10-05
how can i get csc scholarship in china,Question (blog/FAQ),,csc scholarship checker,PK,Google Autocomplete 2026-10-05
how can i get full scholarship in china,Question (blog/FAQ),,scholarship in china without ielts,PK,Google Autocomplete 2026-10-05
how to study in china,Question (blog/FAQ),,documents required for study in china,PK,Google Autocomplete 2026-10-05
how to study in china for free,Question (blog/FAQ),,documents required for study in china,PK,Google Autocomplete 2026-10-05
https study in china csc edu cn,General / informational,,study in china h*,PK,Google Autocomplete 2026-10-05
is duolingo available in china,Question (blog/FAQ),,duolingo accepted universities in china,PK,Google Autocomplete 2026-10-05
is ielts required for china,Question (blog/FAQ),,study in china without ielts,PK,Google Autocomplete 2026-10-05
is it easy to get scholarship in china,Question (blog/FAQ),,scholarship in china without ielts,PK,Google Autocomplete 2026-10-05
is it hard to study in china,Question (blog/FAQ),,study in china eligibility,PK,Google Autocomplete 2026-10-05
is part time job allowed in china for international students,Question (blog/FAQ),,part time job in china for international students,PK,Google Autocomplete 2026-10-05
is study in china hard,Question (blog/FAQ),,study in china h*,PK,Google Autocomplete 2026-10-05
is studying in china good,Question (blog/FAQ),,study in china g*,PK,Google Autocomplete 2026-10-05
jsu china scholarship,General / informational,,china scholarship j*,PK,Google Autocomplete 2026-10-05
kanye west study in china,General / informational,,study in china k*,PK,Google Autocomplete 2026-10-05
kids study in china,General / informational,,study in china k*,PK,Google Autocomplete 2026-10-05
learn chinese,General / informational,,learn chinese,PK,Google Autocomplete 2026-10-05
learn chinese for free,General / informational,,learn chinese,PK,Google Autocomplete 2026-10-05
learn chinese in 30 days pdf,Template / download,,learn chinese,PK,Google Autocomplete 2026-10-05
learn chinese in karachi,General / informational,,learn chinese,PK,Google Autocomplete 2026-10-05
learn chinese in lahore,General / informational,,learn chinese,PK,Google Autocomplete 2026-10-05
learn chinese in urdu pdf,Template / download,,learn chinese,PK,Google Autocomplete 2026-10-05
learn chinese language,General / informational,,learn chinese,PK,Google Autocomplete 2026-10-05
learn chinese near me,General / informational,,learn chinese,PK,Google Autocomplete 2026-10-05
learn chinese online,General / informational,,learn chinese,PK,Google Autocomplete 2026-10-05
learn chinese online free,General / informational,,learn chinese,PK,Google Autocomplete 2026-10-05
learning in china book pdf,Template / download,,study in china pdf,PK,Google Autocomplete 2026-10-05
learning in china intensive chinese series,General / informational,,study in china i*,PK,Google Autocomplete 2026-10-05
learning in china intensive chinese series pdf,Template / download,,study in china i*,PK,Google Autocomplete 2026-10-05
medical colleges in china for pakistani students,General / informational,,mbbs in china for pakistani students,PK,Google Autocomplete 2026-10-05
opening bank account in china for foreigners,General / informational,,china bank account for foreigners,PK,Google Autocomplete 2026-10-05
part time job in china for international students,General / informational,,part time job in china for international students,PK,Google Autocomplete 2026-10-05
part time job in china for international students salary,General / informational,,part time job in china for international students,PK,Google Autocomplete 2026-10-05
part time jobs in china for foreign students,General / informational,,part time job in china for international students,PK,Google Autocomplete 2026-10-05
province scholarship china,General / informational,,provincial scholarship china,PK,Google Autocomplete 2026-10-05
provincial government scholarship china,General / informational,,provincial scholarship china,PK,Google Autocomplete 2026-10-05
provincial scholarship china,General / informational,,provincial scholarship china,PK,Google Autocomplete 2026-10-05
provincial scholarship in china 2025,General / informational,,provincial scholarship china,PK,Google Autocomplete 2026-10-05
provincial scholarship in china 2026,General / informational,,provincial scholarship china,PK,Google Autocomplete 2026-10-05
provincial scholarship program china,General / informational,,provincial scholarship china,PK,Google Autocomplete 2026-10-05
qub china scholarship,General / informational,,china scholarship q*,PK,Google Autocomplete 2026-10-05
research in china database,General / informational,,study in china d*,PK,Google Autocomplete 2026-10-05
research in china reddit,General / informational,,study in china r*,PK,Google Autocomplete 2026-10-05
research internship in china 2026,General / informational,,study in china 2026,PK,Google Autocomplete 2026-10-05
sarkari csc scholarship yojana,General / informational,,csc scholarship y*,PK,Google Autocomplete 2026-10-05
scg study in china global,General / informational,,study in china g*,PK,Google Autocomplete 2026-10-05
scholarship calculator,Tool: calculator / converter,,scholarship calculator,PK,Google Autocomplete 2026-10-05
scholarship calculator asu,Tool: calculator / converter,,scholarship calculator,PK,Google Autocomplete 2026-10-05
scholarship calculator bits dubai,Tool: calculator / converter,,scholarship calculator,PK,Google Autocomplete 2026-10-05
scholarship calculator law school,Tool: calculator / converter,,scholarship calculator,PK,Google Autocomplete 2026-10-05
scholarship calculator lpu,Tool: calculator / converter,,scholarship calculator,PK,Google Autocomplete 2026-10-05
scholarship calculator lsat,Tool: calculator / converter,,scholarship calculator,PK,Google Autocomplete 2026-10-05
scholarship calculator mississippi state,Tool: calculator / converter,,scholarship calculator,PK,Google Autocomplete 2026-10-05
scholarship calculator sqi,Tool: calculator / converter,,scholarship calculator,PK,Google Autocomplete 2026-10-05
scholarship calculator umt,Tool: calculator / converter,,scholarship calculator,PK,Google Autocomplete 2026-10-05
scholarship calculator vercel app,Tool: calculator / converter,,scholarship calculator,PK,Google Autocomplete 2026-10-05
scholarship za china,General / informational,,china scholarship z*,PK,Google Autocomplete 2026-10-05
study abroad in china high school,General / informational,,study in china h*,PK,Google Autocomplete 2026-10-05
study abroad in china reddit,General / informational,,study in china r*,PK,Google Autocomplete 2026-10-05
study abroad in china university,General / informational,,study in china u*,PK,Google Autocomplete 2026-10-05
study chinese in china reddit,General / informational,,study in china r*,PK,Google Autocomplete 2026-10-05
study chinese in china university,General / informational,,study in china u*,PK,Google Autocomplete 2026-10-05
study go china kuching,General / informational,,study in china k*,PK,Google Autocomplete 2026-10-05
study hours in china,General / informational,,study in china h*,PK,Google Autocomplete 2026-10-05
study in bit china,General / informational,,study in china b*,PK,Google Autocomplete 2026-10-05
study in china,General / informational,,study in china y*,PK,Google Autocomplete 2026-10-05
study in china 2026,General / informational,,study in china 2026,PK,Google Autocomplete 2026-10-05
study in china 2027,General / informational,,study in china 2027,PK,Google Autocomplete 2026-10-05
study in china admission system,General / informational,,study in china a*,PK,Google Autocomplete 2026-10-05
study in china after matric,General / informational,,study in china a*,PK,Google Autocomplete 2026-10-05
study in china after ssc,General / informational,,study in china a*,PK,Google Autocomplete 2026-10-05
study in china agent,General / informational,,study in china a*,PK,Google Autocomplete 2026-10-05
study in china app,General / informational,,study in china a*,PK,Google Autocomplete 2026-10-05
study in china application,General / informational,,study in china a*,PK,Google Autocomplete 2026-10-05
study in china application portal,Login / portal (navigational),,study in china a*,PK,Google Autocomplete 2026-10-05
study in china assistant,General / informational,,study in china a*,PK,Google Autocomplete 2026-10-05
study in china assistant app,General / informational,,study in china a*,PK,Google Autocomplete 2026-10-05
study in china bachelor,General / informational,,study in china b*,PK,Google Autocomplete 2026-10-05
study in china bangladesh,General / informational,,study in china b*,PK,Google Autocomplete 2026-10-05
study in china banner,General / informational,,study in china b*,PK,Google Autocomplete 2026-10-05
study in china beijing,General / informational,,study in china b*,PK,Google Autocomplete 2026-10-05
study in china benefits,General / informational,,study in china b*,PK,Google Autocomplete 2026-10-05
study in china brand,General / informational,,study in china b*,PK,Google Autocomplete 2026-10-05
study in china brochure,General / informational,,study in china b*,PK,Google Autocomplete 2026-10-05
study in china business,General / informational,,study in china b*,PK,Google Autocomplete 2026-10-05
study in china campus,General / informational,,study in china c*,PK,Google Autocomplete 2026-10-05
study in china chinese government scholarship,General / informational,,study in china g*,PK,Google Autocomplete 2026-10-05
study in china consultancy in nepal,General / informational,,study in china n*,PK,Google Autocomplete 2026-10-05
study in china consultant in islamabad,General / informational,,study in china i*,PK,Google Autocomplete 2026-10-05
study in china consultant pakistan,General / informational,,study in china c*,PK,Google Autocomplete 2026-10-05
study in china consultants,General / informational,,study in china c*,PK,Google Autocomplete 2026-10-05
study in china consultants in india,General / informational,,study in china i*,PK,Google Autocomplete 2026-10-05
study in china consultants in islamabad,General / informational,,study in china c*,PK,Google Autocomplete 2026-10-05
study in china consultants in karachi,General / informational,,study in china c*,PK,Google Autocomplete 2026-10-05
study in china consultants near me,General / informational,,study in china n*,PK,Google Autocomplete 2026-10-05
study in china csc,General / informational,,study in china c*,PK,Google Autocomplete 2026-10-05
study in china csc edu cn,General / informational,,study in china c*,PK,Google Autocomplete 2026-10-05
study in china csc login,Login / portal (navigational),,study in china c*,PK,Google Autocomplete 2026-10-05
study in china csc portal,Login / portal (navigational),,study in china c*,PK,Google Autocomplete 2026-10-05
study in china csc scholarship,General / informational,,study in china c*,PK,Google Autocomplete 2026-10-05
study in china diploma,General / informational,,study in china d*,PK,Google Autocomplete 2026-10-05
study in china discord,General / informational,,study in china d*,PK,Google Autocomplete 2026-10-05
study in china discord server,General / informational,,study in china d*,PK,Google Autocomplete 2026-10-05
study in china download,Template / download,,study in china d*,PK,Google Autocomplete 2026-10-05
study in china download jw,Template / download,,study in china d*,PK,Google Autocomplete 2026-10-05
study in china dq,General / informational,,study in china d*,PK,Google Autocomplete 2026-10-05
study in china dq form,Template / download,,study in china form,PK,Google Autocomplete 2026-10-05
study in china edu,General / informational,,study in china e*,PK,Google Autocomplete 2026-10-05
study in china edu cn,General / informational,,study in china e*,PK,Google Autocomplete 2026-10-05
study in china education fair,General / informational,,study in china e*,PK,Google Autocomplete 2026-10-05
study in china email,General / informational,,study in china e*,PK,Google Autocomplete 2026-10-05
study in china engineering,General / informational,,study in china e*,PK,Google Autocomplete 2026-10-05
study in china english,General / informational,,study in china e*,PK,Google Autocomplete 2026-10-05
study in china english programs,General / informational,,study in china e*,PK,Google Autocomplete 2026-10-05
study in china exhibition,General / informational,,study in china e*,PK,Google Autocomplete 2026-10-05
study in china expo,General / informational,,study in china e*,PK,Google Autocomplete 2026-10-05
study in china expo 2025,General / informational,,study in china e*,PK,Google Autocomplete 2026-10-05
study in china expo 2026,General / informational,,study in china 2026,PK,Google Autocomplete 2026-10-05
study in china for 6 months hec,General / informational,,study in china f*,PK,Google Autocomplete 2026-10-05
study in china for bangladeshi student,General / informational,,study in china,BD,Google Autocomplete 2026-10-05
study in china for free,General / informational,,study in china f*,PK,Google Autocomplete 2026-10-05
study in china for indian students,General / informational,,study in china i*,PK,Google Autocomplete 2026-10-05
study in china for international students,General / informational,,study in china f*,PK,Google Autocomplete 2026-10-05
study in china for international students for free,General / informational,,study in china i*,PK,Google Autocomplete 2026-10-05
study in china for nepali student,General / informational,,study in china n*,PK,Google Autocomplete 2026-10-05
study in china for pakistani students,General / informational,,study in china for pakistani students,PK,Google Autocomplete 2026-10-05
study in china for six months,General / informational,,study in china f*,PK,Google Autocomplete 2026-10-05
study in china form,Template / download,,study in china form,PK,Google Autocomplete 2026-10-05
study in china from bangladesh,General / informational,,study in china form,PK,Google Autocomplete 2026-10-05
study in china from nepal,General / informational,,study in china f*,PK,Google Autocomplete 2026-10-05
study in china from nigeria,General / informational,,study in china n*,PK,Google Autocomplete 2026-10-05
study in china from pakistan,General / informational,,study in china f*,PK,Google Autocomplete 2026-10-05
study in china from uk,General / informational,,study in china u*,PK,Google Autocomplete 2026-10-05
study in china fully funded scholarship,General / informational,,study in china f*,PK,Google Autocomplete 2026-10-05
study in china fully funded scholarship 2026,General / informational,,study in china 2026,PK,Google Autocomplete 2026-10-05
study in china global,General / informational,,study in china g*,PK,Google Autocomplete 2026-10-05
study in china gov,General / informational,,study in china g*,PK,Google Autocomplete 2026-10-05
study in china government scholarship,General / informational,,study in china g*,PK,Google Autocomplete 2026-10-05
study in china government website,General / informational,,study in china g*,PK,Google Autocomplete 2026-10-05
study in china guangzhou,General / informational,,study in china g*,PK,Google Autocomplete 2026-10-05
study in china guide,General / informational,,study in china g*,PK,Google Autocomplete 2026-10-05
study in china hec,General / informational,,study in china h*,PK,Google Autocomplete 2026-10-05
study in china hec scholarship,General / informational,,study in china h*,PK,Google Autocomplete 2026-10-05
study in china high school,General / informational,,study in china h*,PK,Google Autocomplete 2026-10-05
study in china in english,General / informational,,study in china i*,PK,Google Autocomplete 2026-10-05
study in china india,General / informational,,study in china i*,PK,Google Autocomplete 2026-10-05
study in china international students,General / informational,,study in china i*,PK,Google Autocomplete 2026-10-05
study in china jw,General / informational,,study in china j*,PK,Google Autocomplete 2026-10-05
study in china jw download,Template / download,,study in china j*,PK,Google Autocomplete 2026-10-05
study in china jw verification,Tool: checker / eligibility,,study in china j*,PK,Google Autocomplete 2026-10-05
study in china jw201,General / informational,,study in china j*,PK,Google Autocomplete 2026-10-05
study in china jw201 download,Template / download,,study in china j*,PK,Google Autocomplete 2026-10-05
study in china jw201 form,Template / download,,study in china form,PK,Google Autocomplete 2026-10-05
study in china kadawatha,General / informational,,study in china k*,PK,Google Autocomplete 2026-10-05
study in china kandy,General / informational,,study in china k*,PK,Google Autocomplete 2026-10-05
study in china kiribathkumbura,General / informational,,study in china k*,PK,Google Autocomplete 2026-10-05
study in china lahore,General / informational,,study in china l*,PK,Google Autocomplete 2026-10-05
study in china laihua,General / informational,,study in china l*,PK,Google Autocomplete 2026-10-05
study in china language,General / informational,,study in china l*,PK,Google Autocomplete 2026-10-05
study in china language program,General / informational,,study in china l*,PK,Google Autocomplete 2026-10-05
study in china link,General / informational,,study in china l*,PK,Google Autocomplete 2026-10-05
study in china login,Login / portal (navigational),,study in china l*,PK,Google Autocomplete 2026-10-05
study in china logo,General / informational,,study in china l*,PK,Google Autocomplete 2026-10-05
study in china malaysia,General / informational,,study in china m*,PK,Google Autocomplete 2026-10-05
study in china mandarin,General / informational,,study in china m*,PK,Google Autocomplete 2026-10-05
study in china march intake,General / informational,,study in china m*,PK,Google Autocomplete 2026-10-05
study in china maroc,General / informational,,study in china m*,PK,Google Autocomplete 2026-10-05
study in china masters,General / informational,,study in china m*,PK,Google Autocomplete 2026-10-05
study in china mba,General / informational,,study in china m*,PK,Google Autocomplete 2026-10-05
study in china medical,General / informational,,study in china m*,PK,Google Autocomplete 2026-10-05
study in china medicine,General / informational,,study in china m*,PK,Google Autocomplete 2026-10-05
study in china nairaland,General / informational,,study in china n*,PK,Google Autocomplete 2026-10-05
study in china near me,General / informational,,study in china n*,PK,Google Autocomplete 2026-10-05
study in china nepal,General / informational,,study in china n*,PK,Google Autocomplete 2026-10-05
study in china non degree,General / informational,,study in china n*,PK,Google Autocomplete 2026-10-05
study in china official,General / informational,,study in china o*,PK,Google Autocomplete 2026-10-05
study in china official portal,Login / portal (navigational),,study in china o*,PK,Google Autocomplete 2026-10-05
study in china official website,General / informational,,study in china o*,PK,Google Autocomplete 2026-10-05
study in china on scholarship,General / informational,,study in china o*,PK,Google Autocomplete 2026-10-05
study in china online,General / informational,,study in china online,PK,Google Autocomplete 2026-10-05
study in china online application,General / informational,,study in china online,PK,Google Autocomplete 2026-10-05
study in china opportunities,General / informational,,study in china o*,PK,Google Autocomplete 2026-10-05
study in china or japan,General / informational,,study in china o*,PK,Google Autocomplete 2026-10-05
study in china org,General / informational,,study in china o*,PK,Google Autocomplete 2026-10-05
study in china pakistan,General / informational,,study in china p*,PK,Google Autocomplete 2026-10-05
study in china pdf,Template / download,,study in china pdf,PK,Google Autocomplete 2026-10-05
study in china phd,General / informational,,study in china p*,PK,Google Autocomplete 2026-10-05
study in china photos,General / informational,,study in china p*,PK,Google Autocomplete 2026-10-05
study in china platform,Template / download,,study in china p*,PK,Google Autocomplete 2026-10-05
study in china portal,Login / portal (navigational),,study in china p*,PK,Google Autocomplete 2026-10-05
study in china poster,General / informational,,study in china p*,PK,Google Autocomplete 2026-10-05
study in china process,General / informational,,study in china p*,PK,Google Autocomplete 2026-10-05
study in china program,General / informational,,study in china p*,PK,Google Autocomplete 2026-10-05
study in china pvt ltd,General / informational,,study in china l*,PK,Google Autocomplete 2026-10-05
study in china reddit,General / informational,,study in china r*,PK,Google Autocomplete 2026-10-05
study in china reviews,General / informational,,study in china r*,PK,Google Autocomplete 2026-10-05
study in china scholarship,General / informational,,study in china s*,PK,Google Autocomplete 2026-10-05
study in china scholarship 2025,General / informational,,study in china s*,PK,Google Autocomplete 2026-10-05
study in china scholarship 2026,General / informational,,study in china 2026,PK,Google Autocomplete 2026-10-05
study in china scholarship 2027,General / informational,,study in china 2027,PK,Google Autocomplete 2026-10-05
study in china scholarship for indian students,General / informational,,study in china s*,PK,Google Autocomplete 2026-10-05
study in china scholarship for pakistani students,General / informational,,study in china for pakistani students,PK,Google Autocomplete 2026-10-05
study in china scholarship masters,General / informational,,study in china s*,PK,Google Autocomplete 2026-10-05
study in china scs,General / informational,,study in china s*,PK,Google Autocomplete 2026-10-05
study in china short term,General / informational,,study in china t*,PK,Google Autocomplete 2026-10-05
study in china sri lanka,General / informational,,study in china l*,PK,Google Autocomplete 2026-10-05
study in china summer 2026,General / informational,,study in china 2026,PK,Google Autocomplete 2026-10-05
study in china thailand,General / informational,,study in china t*,PK,Google Autocomplete 2026-10-05
study in china tunisia,General / informational,,study in china t*,PK,Google Autocomplete 2026-10-05
study in china uae,General / informational,,study in china u*,PK,Google Autocomplete 2026-10-05
study in china umar consultants,General / informational,,study in china u*,PK,Google Autocomplete 2026-10-05
study in china umar consultants lahore,General / informational,,study in china u*,PK,Google Autocomplete 2026-10-05
study in china umer consultancy lahore reviews,General / informational,,study in china u*,PK,Google Autocomplete 2026-10-05
study in china undergraduate,General / informational,,study in china u*,PK,Google Autocomplete 2026-10-05
study in china university,General / informational,,study in china u*,PK,Google Autocomplete 2026-10-05
study in china video,General / informational,,study in china v*,PK,Google Autocomplete 2026-10-05
study in china vs australia,General / informational,,study in china v*,PK,Google Autocomplete 2026-10-05
study in china vs japan,General / informational,,study in china v*,PK,Google Autocomplete 2026-10-05
study in china web,General / informational,,study in china online,PK,Google Autocomplete 2026-10-05
study in china webinar,General / informational,,study in china w*,PK,Google Autocomplete 2026-10-05
study in china website,General / informational,,study in china w*,PK,Google Autocomplete 2026-10-05
study in china whatsapp group,General / informational,,study in china g*,PK,Google Autocomplete 2026-10-05
study in china with full scholarship,General / informational,,study in china w*,PK,Google Autocomplete 2026-10-05
study in china with malishaedu pakistan,General / informational,,study in china w*,PK,Google Autocomplete 2026-10-05
study in china with malishaedu pakistan photos,General / informational,,study in china w*,PK,Google Autocomplete 2026-10-05
study in china with scholarship,General / informational,,study in china w*,PK,Google Autocomplete 2026-10-05
study in taiwan or china,General / informational,,study in china o*,PK,Google Autocomplete 2026-10-05
study ke china,General / informational,,study in china k*,PK,Google Autocomplete 2026-10-05
study kung fu in china,General / informational,,study in china k*,PK,Google Autocomplete 2026-10-05
study mandarin in china reddit,General / informational,,study in china r*,PK,Google Autocomplete 2026-10-05
study medicine in china 2026,General / informational,,study in china 2026,PK,Google Autocomplete 2026-10-05
study of china name,General / informational,,study in china n*,PK,Google Autocomplete 2026-10-05
study qigong in china,General / informational,,study in china q*,PK,Google Autocomplete 2026-10-05
study semiconductor course in china 2026,General / informational,,study in china 2026,PK,Google Autocomplete 2026-10-05
study table china,General / informational,,study in china t*,PK,Google Autocomplete 2026-10-05
study to china,General / informational,,study in china t*,PK,Google Autocomplete 2026-10-05
study tour china,General / informational,,study in china t*,PK,Google Autocomplete 2026-10-05
study tour china 2026,General / informational,,study in china 2026,PK,Google Autocomplete 2026-10-05
studying china in the absence of access,General / informational,,study in china t*,PK,Google Autocomplete 2026-10-05
studying in china for nigerians,General / informational,,study in china n*,PK,Google Autocomplete 2026-10-05
studying in china vs taiwan,General / informational,,study in china t*,PK,Google Autocomplete 2026-10-05
studying in china with hiv,General / informational,,study in china h*,PK,Google Autocomplete 2026-10-05
the china study in urdu pdf free download,Template / download,,study in china pdf,PK,Google Autocomplete 2026-10-05
types of scholarships in china,General / informational,,china scholarship list,PK,Google Autocomplete 2026-10-05
university finder,List / finder,,university finder,PK,Google Autocomplete 2026-10-05
university finder ai,List / finder,,university finder,PK,Google Autocomplete 2026-10-05
university finder canada,List / finder,,university finder,PK,Google Autocomplete 2026-10-05
university finder daily mail,List / finder,,university finder,PK,Google Autocomplete 2026-10-05
university finder germany,List / finder,,university finder,PK,Google Autocomplete 2026-10-05
university finder pakistan,List / finder,,university finder,PK,Google Autocomplete 2026-10-05
university finder ph,List / finder,,university finder,PK,Google Autocomplete 2026-10-05
university finder tool,List / finder,,university finder,PK,Google Autocomplete 2026-10-05
university finder uk,List / finder,,university finder,PK,Google Autocomplete 2026-10-05
university finder website,List / finder,,university finder,PK,Google Autocomplete 2026-10-05
what does chinese government scholarship cover,Question (blog/FAQ),,china scholarship template,PK,Google Autocomplete 2026-10-05
what is chinese government scholarship,Question (blog/FAQ),,provincial scholarship china,PK,Google Autocomplete 2026-10-05
what is csc scholarship,Question (blog/FAQ),,csc scholarship agency number,PK,Google Autocomplete 2026-10-05
what is csc scholarship in china,Question (blog/FAQ),,csc scholarship x*,PK,Google Autocomplete 2026-10-05
which country don't need ielts for study,Question (blog/FAQ),,study in china without ielts,PK,Google Autocomplete 2026-10-05
xjtlu csc scholarship,General / informational,,csc scholarship x*,PK,Google Autocomplete 2026-10-05
xjtu csc scholarship,General / informational,,csc scholarship x*,PK,Google Autocomplete 2026-10-05
xjtu csc scholarship 2025,General / informational,,csc scholarship x*,PK,Google Autocomplete 2026-10-05
xjtu csc scholarship 2026,General / informational,,csc scholarship x*,PK,Google Autocomplete 2026-10-05
yes china scholarship 2025,General / informational,,china scholarship y*,PK,Google Autocomplete 2026-10-05
yes china scholarship 2026,General / informational,,china scholarship y*,PK,Google Autocomplete 2026-10-05
zimo study in china,General / informational,,study in china z*,PK,Google Autocomplete 2026-10-05
zju csc scholarship,General / informational,,csc scholarship z*,PK,Google Autocomplete 2026-10-05
zust china scholarship,General / informational,,china scholarship z*,PK,Google Autocomplete 2026-10-05
